A0,A1,A2,y
2067.582042494495,-15.25951879422394,0.020471511938094267,2
1319.5895792357976,-18.412320119477194,0.5213083729955061,0
1170.2121830366052,-19.470602318605657,0.8149859528972165,0
1424.1621908350485,9.867841353072965,0.8487507737752082,1
1551.069097606814,11.809363946910862,0.8849642991562195,1
1551.726482288125,-13.759226160013675,0.245260581826109,2
1938.1866750068714,-15.228913599323851,0.27071141141384836,2
1262.5192491540986,6.991687040457681,0.8987774408763936,1
1136.550539411082,-21.84755082406139,0.5296184312748521,0
1444.8463223851372,-19.63358787298977,0.644356096361596,0
1107.0198653495406,-17.05947474928318,0.7730826291559193,0
1008.5558947716356,-14.694191372182294,0.7391936429215348,0
1947.8227044754603,-14.585127125075422,0.8315959002197386,2
1773.7293294147487,-12.441690656002935,0.6198862656148292,2
1609.98527643804,-17.02902094526237,0.3278217028229755,2
1401.8261828049735,-14.288814200323074,0.2095122587863988,2
1441.0796996362249,-9.858571579238834,0.3885317225405076,2
1350.424243082576,-21.496130606843998,0.3440722400337054,0
1027.3965429419661,-19.853208237319386,0.7729716400065275,0
1363.1922183809793,9.080639863631234,0.719860566000621,1
1526.8285599647936,10.272246716843261,0.09914616851425584,1
1277.3451491183605,-16.854060661255843,0.16946572998778198,0
1586.052999594882,9.967477798762971,0.4825285666113148,1
1617.1650935168366,-13.182098075599754,0.19345860826208705,2
1914.490494472654,9.303487166743238,0.897249615479718,1
1801.6583326186578,10.200215905643956,0.7486729730735883,1
1718.4807868331827,-12.852527016887574,0.8161903069994405,2
1722.1611113184358,10.048960771257695,0.30481490744519024,1
918.6155418192218,-15.301644903828777,0.6432472412732814,0
1002.4540251717401,-17.730328379052107,0.7322892345190661,0
1184.035152527706,-18.621909759466554,0.23539590971916646,0
1140.398503200626,10.001015214069039,0.0540141076186651,1
1486.5816553637928,-17.78217265479527,0.48080616855704117,0
1869.9596310571162,-12.042048195292299,0.8976822874414043,2
1598.502458055881,10.194283803337674,0.9469539063776627,1
1147.441736708346,-19.842477245759888,0.16013653369817304,0
1697.7899903654009,11.678780864517005,0.036852645344533586,1
1608.9341848370718,7.6614828670623965,0.2470076988660337,1
1159.436595218746,11.774691099785926,0.8932397525852467,1
1429.6212195636726,9.331629446327621,0.7479655858541264,1
1769.4384843486337,-13.67763207307763,0.08136617338065877,2
1490.6039924247302,-15.484848997135163,0.41614163692307793,0
1568.9568123010604,-15.521913631552765,0.23306726374161157,2
1615.2240853251778,10.371370964362551,0.30537057676723833,1
1864.293982824402,-14.108898478072627,0.6307018898214013,2
968.7926579834213,-20.4743518078199,0.4447195536004057,0
1553.2147839707125,9.052319360239448,0.2893522793266672,1
1578.663814140199,9.305538975232949,0.3944526274631248,1
1364.87511967279,-14.822007022522605,0.4487250600283964,0
1491.407403071034,11.99945657005183,0.03635376728205997,1
1318.5917687906915,-14.471917025189352,0.8797923361177307,2
1341.9326461292371,-16.17979082505144,0.8723670753464886,0
1855.7447584100594,13.405760856506255,0.38827213014677875,1
1504.0343518369268,12.488994205696342,0.8849432236821059,1
712.0783984464625,-16.996958953492115,0.11943335808065247,0
1840.7809832832506,10.581876467871941,0.6926804204657259,1
868.4825983871395,-19.76380692183983,0.3431984375891787,0
1973.073951364966,-13.004643903910978,0.6259522020903713,2
1309.3385671289711,-17.523610488990265,0.6639037822592048,0
1509.9782081178648,13.041398617855501,0.7645084818814172,1
1615.9940812690757,15.801939210813881,0.19472385138605308,1
1046.7947488875475,-21.096904693446977,0.049449920002940684,0
1740.9044714678978,-15.160440890421462,0.7122210399552209,2
1367.2762393647738,-17.812153436182285,0.1721279113827534,0
1442.358113047587,10.877624058177554,0.7111941002499244,1
1276.9521223444679,11.584972525889563,0.8344691388665624,1
1619.6714820981804,-15.563271230229828,0.5639113887706354,2
971.7257333622409,10.7590789321124,0.32138421579736254,1
1173.311013130374,-18.998484600963135,0.06309816931790957,0
1977.7127529102827,-14.07879684320393,0.9965585458637868,2
1536.636948340263,13.06363512424435,0.4369274924351687,1
1401.3557144201604,-19.69425674726478,0.8064376920577685,0
1359.4359556807228,9.76474839858962,0.6182388784982549,1
1881.483719760664,-12.634128337006373,0.5712385433276702,2
1368.8618963033175,11.776002778471437,0.23562806341991083,1
1528.1120454181014,-11.071846904568686,0.05758831640265483,2
1558.8859210093892,10.492159943271073,0.7463972202369109,1
1475.3927518170533,10.90431404446807,0.9346361034463415,1
1259.1715061794312,-19.646334481048346,0.5960150692810393,0
1579.2866048292894,-13.41880719043131,0.42766916950888,2
1389.3179511281528,-17.475482173853916,0.5614935451762874,0
1713.618446853182,7.298657528618879,0.5625123113075245,1
1729.4171027345121,11.39379985638768,0.9616050322479556,1
1592.0885070357135,10.886025071613625,0.5809096574518757,1
1192.4772405185108,-15.068966139288694,0.7940381996154178,0
1426.4722478251986,10.378929439988276,0.0536050237738489,1
2116.1791484249447,-15.15627193037246,0.9954509527888518,2
1479.5314021095217,-16.13255483021932,0.4345412652774041,2
1330.5488778670099,17.01620440411488,0.28107583607436504,1
1707.9286826358807,-15.226604348501207,0.1196253423387339,2
1917.9717748375444,-12.760919329218586,0.882792372014571,2
2090.7973498071497,-14.833399632777867,0.24687041284248723,2
1310.9723303935766,8.331096893397165,0.03405705988333885,1
1799.2681413016967,-15.072015396567913,0.04305943348759611,2
1626.2874275616798,-13.05149913996651,0.5951345229486106,2
2009.7122506030046,-14.257544101301802,0.35603918027435844,2
1668.5363950208362,10.214370222544826,0.23844116442063334,1
1852.2391577668511,-11.71063714283266,0.9448349884296072,2
1255.8955075553192,-20.91241347350515,0.6507066670564967,0
1907.9891276792125,-14.122289974690744,0.5616429868373497,2
1365.66747079929,-17.626988109350958,0.7344724014991514,0
1597.2908221448251,11.093615767703795,0.5270541306710135,1
1453.7541385492689,14.09273891002416,0.8794443857691475,1
1554.8418544306173,-11.898001454171382,0.6759313896934396,2
1571.8034022328459,12.805738436622695,0.46120193485753047,1
1859.8496432907843,-17.517158322758124,0.1851163067004684,2
1239.8212181589856,13.7335044535581,0.5372962868027693,1
1835.723457746672,10.490501155535119,0.6418588867541909,1
1535.7848723253576,-17.220523655178376,0.5297295356254821,0
975.1709432469163,-16.08823586695122,0.43448022491154725,0
1945.0651771554994,-14.766188669525866,0.2691048405526989,2
1149.571083951059,-13.84703781374753,0.45344015044220287,0
1209.7419789929545,-18.69182439613487,0.18526417343122492,0
1096.8266000405592,12.935493696001984,0.12457951132291567,1
1145.5911926873723,10.748392697307136,0.1671012092978572,1
1527.5694160846133,-12.518186237171461,0.8491451081102277,2
1545.401828704156,-17.554471462707262,0.0898226327577144,0
2104.1597564576614,10.368145428245219,0.871221864364414,1
1670.6881585814085,-12.64725238405134,0.627229305641481,2
1826.386526827876,6.936351395707481,0.0399455915393333,1
1107.059305331007,-16.53224605393224,0.056163349881751756,0
928.3476620600838,-17.465531950045687,0.5625093211335124,0
1700.3649717289097,7.092447108975108,0.06652401738857627,1
1664.6074224023046,11.42863644998592,0.9817991230749595,1
1354.1703025515562,9.981495084862473,0.7746063723922312,1
1037.4962280039235,-17.373264382694348,0.795636581969771,0
1327.6439064257431,-18.597420060892617,0.5273480188887278,0
1291.7554118622072,14.165072027814668,0.8287940204226781,1
1637.2436639925381,-15.576593559166922,0.7367178666546387,2
1576.1943715407842,14.40053406628166,0.7824538384659183,1
922.7465096738968,-18.583625735268406,0.35638970004319936,0
1876.2913879902608,-10.55686641825803,0.3748374489851696,2
1601.8793355726696,13.254335891953925,0.6423191581173585,1
1513.6602118446351,11.194792040986302,0.22319302259721663,1
1647.6637303269904,11.873752827914121,0.8038093054877389,1
1178.075852726783,11.690658760730585,0.4014775601942695,1
1915.004729036692,-11.995970665907347,0.18033104608980166,2
1592.1033888259556,-15.84186894311178,0.313404043728129,2
1169.6759166931747,-19.407332419149242,0.2850502349566373,0
1686.5797957590598,-14.110474424271075,0.42702125017571346,2
1478.010968514962,-14.403495273571515,0.3626815593647169,2
1786.147003762067,8.821230022099487,0.6819920679560322,1
1445.4715311159698,-16.288621398687706,0.13095447548346684,0
1837.966140902926,-18.89636041235308,0.3526971682712313,2
1192.5210615659653,-16.253663450075514,0.3655925280596316,0
1664.6104381757702,-16.329460670010164,0.003138483555051086,2
1333.018364595209,-21.219476765421184,0.7664365748764984,0
1525.6817006349304,11.100753425776729,0.6266495715995648,1
2178.4928939153283,11.2554546098145,0.6069359896712894,1
1172.811054023142,-9.707761753715781,0.45106853778493694,2
1113.1728973371955,-17.80672314722546,0.485684452982597,0
1480.5976141664917,-13.527115453460569,0.283977554768289,2
1332.5207768142113,10.204873997008102,0.19548925096146785,1
1353.7074966935104,-12.51968660390194,0.10707815355625061,2
1351.7874462733037,-19.750624854567818,0.7012632967781094,0
1611.8841398721206,-15.46454314162085,0.37596430418541593,2
1328.8899346939256,-16.27839987333381,0.28921920384695543,0
1524.2597428833142,-13.136499501969473,0.6258195303060763,2
1771.2534314866157,9.516498659004416,0.32869825263197217,1
1247.9354004944223,-16.21512321808855,0.3328297543894311,0
1463.7723479104461,-14.441129003669369,0.7607709809463347,0
1524.423484808056,-18.90880076023651,0.9614422172656013,0
986.9940111551472,-16.11037495260108,0.28156074397187314,0
1636.9986678541604,-14.154074529950307,0.34475412093739355,2
1199.0027378636062,-19.834613528912676,0.9227238666340262,0
1251.972591295604,-16.72859251009158,0.12388528302432866,0
1219.7998591020585,-19.467421339625318,0.10458122047730722,0
1199.0990882192136,-16.092537556173898,0.3065119954482698,0
1053.8935295660967,-14.713764848828916,0.09501578616288264,0
1250.7052899395233,11.262000295923658,0.09984148338730192,1
1448.6878382464856,14.233153144211979,0.7522753739421384,1
1626.1044058207272,-13.294909401480476,0.3700356354166573,2
1412.9113212081838,11.603642597393707,0.8878099224120061,1
1434.4309487835508,-12.28446839600391,0.7239286394107608,2
1879.9465477651465,-13.497992333075997,0.6460203475540071,2
929.2378516524745,-17.199567233843347,0.8068573937135957,0
1792.1265436113729,-15.359353589348993,0.8226222887095378,2
1815.5545278119012,-12.773559667825035,0.782713425374505,2
1297.7829012828556,-16.13912439976215,0.3472097045795981,0
979.3514116390915,-19.0427151487613,0.16998501584337466,0
1557.983357466617,-16.234683753485132,0.35410582081674846,2
1512.2156451680978,10.93838255892769,0.8993059866420096,1
1860.6553957391927,-12.441885846471042,0.36339821425351404,2
1710.4415097094932,-11.480406457033215,0.016356580468295356,2
1648.4688218995477,10.236153754909099,0.6603962925409466,1
1355.133653485043,-20.92307376329736,0.8240806882411683,0
1089.0533453388748,-17.399052360217862,0.6451988438812032,0
1928.0567260284242,-12.854225466255503,0.5314230425431921,2
1323.0091616791196,-15.717548355064391,0.2831104823268781,2
1397.0818549182,14.746586971928682,0.6974988350512912,1
1645.0812354927052,-13.927123064407908,0.8799972453449768,2
1431.1432638278848,8.997328547110776,0.9489513407024333,1
1336.0878976473232,-17.544339771686204,0.18270492319857157,0
1441.888485930646,6.646709076500993,0.037035295225738785,1
1652.9280696403805,-13.968300506424992,0.3395507683554774,2
1308.622638286296,-17.136024209017975,0.08095747405741605,0
1457.0140830923233,10.19112250728211,0.9867243277839747,1
1646.337171991213,12.158691546658767,0.5269438861229666,1
1288.2825649221784,-18.184617881812574,0.3465482767699434,0
871.5926013008268,-14.923097394983483,0.5232632109652533,0
1442.397396471647,9.444309082334687,0.5487913356936401,1
977.9266185612199,-21.221489751545302,0.41315845099628856,0
1129.8329249724295,-19.95120023615984,0.4722119065805942,0
1795.0861876446247,10.85943216276743,0.3078008528953079,1
1502.8192320145945,-18.93077303750556,0.48587632848104456,0
1557.8899346611427,-16.198619957093864,0.3940112960318869,2
1418.6002553137982,-15.779644836103733,0.1579289791205204,0
1751.2422237215378,-15.606376787040787,0.8852766783092547,2
1183.09744713831,10.449138695659377,0.7569845252368551,1
1417.108215093534,-18.277336578588546,0.16243738226078674,0
1049.2730396323288,-22.34904000247647,0.5457247943564626,0
1587.0278726821523,-15.940032901631389,0.7729444901970964,2
1433.2328560415615,-19.765482680474364,0.23962979288600028,0
1545.494286733479,-13.628305197060381,0.11079795583202123,2
927.3595562135072,-16.83921645916547,0.904026665458678,0
1622.3231090305446,-13.570945918170255,0.7537160504404575,2
1501.9449374246176,-18.500151228077964,0.10525333322426833,0
1587.5890750345254,12.096009540054354,0.20368796107355758,1
1642.0340231771454,-12.695095872041575,0.8330536797078324,2
1433.6979203629876,11.347402985626626,0.6566440054366416,1
1769.352756374785,-15.770657947125894,0.44329098504834297,2
1474.438299671543,14.63514162234363,0.29048962641813947,1
1209.561241158227,-18.200705130014967,0.34346479871692603,0
1471.657879003272,-14.055499673751989,0.720956659469294,2
1456.1980173393163,-19.419174073003457,0.5633004134264982,0
1798.4116990493203,10.659157425712701,0.8889936960913787,1
1593.5893751827527,11.893134382793779,0.19738382467597793,1
1177.1898705370886,-21.979569033418777,0.4185299108474816,0
1686.9835967754718,8.122977906204822,0.9568397431034336,1
1796.0732240177738,-12.34615243393413,0.21862946672454697,2
1428.8403658458003,-12.187074225112589,0.9444291431497791,2
1479.2705761038687,10.40846362096259,0.5444104994256318,1
1457.023038521847,13.300432847921046,0.12654119649045592,1
1735.2735772072797,-10.205272632808633,0.14604708382036058,2
1249.2716617171632,-18.06879907294831,0.2679820930598429,0
1356.3792773835573,-12.814288009307681,0.8538110637833667,0
1733.6930119618473,12.597181176594377,0.7777349607601702,1
1270.4970984112142,9.143091096764806,0.49447177292502276,1
1733.972272366903,-15.636440065909385,0.9057755678056265,2
1550.2520522163313,-10.725822968231544,0.3021934678435465,2
1184.8493699592273,-17.554903532093356,0.22429446331031433,0
1183.3584679702813,-20.719183388791535,0.30370464751260406,0
1858.5665375708495,-15.673104653698019,0.0518713387726234,2
1282.1225856736007,9.669887465068307,0.13147571934898106,1
1966.3747923423268,-13.064659297515686,0.46039267635256176,2
1740.3024175350954,-16.407789333245354,0.01777417026332051,2
1394.7735791453288,13.192954569527524,0.4657813654347459,1
985.0999646688422,11.972171170871626,0.23164012902699316,1
1631.1032222199033,-11.410542417991158,0.6349989370595459,2
813.3769816279107,-19.605417270609234,0.42662729159922896,0
1305.1358709445356,9.837594104516663,0.49125680238269376,1
1633.0612870518503,-12.303814908572114,0.5310765348928081,2
1300.3857685609935,-13.84546536287165,0.623148933372916,2
1865.3988291248284,14.67829370408921,0.9178028906244599,1
1567.5660461298503,10.076493732369828,0.9278150522390451,1
1682.8441767782667,-13.556621604879616,0.2803601410462252,2
1042.9881303091984,-21.014032463461085,0.0839539867837944,0
1085.6655392620496,-17.100829071368885,0.6140672143953028,0
1373.6377131070699,-15.97340520166228,0.9914937697797256,0
1611.5926057498252,12.084397336303118,0.7700003773302401,1
1701.8103174214061,-16.444149755980206,0.5356473351964843,2
1582.6066207755302,9.520529571600935,0.049416426679717795,1
1781.5149768096742,9.495643053504201,0.9864612844195737,1
1461.7280637662998,13.208768383327923,0.0028427068140627343,1
1097.2085703762423,-18.478932853123236,0.6545346382958179,0
1660.9394843908508,-15.738281660928712,0.3708876983205883,2
1089.9125928069805,-17.48336313271778,0.6920323801253574,0
1366.8902688556107,-20.9652244326204,0.24886224847313054,0
1592.6795850971837,-16.2828492443331,0.6689875851729574,2
1175.320760631924,-18.259938539302773,0.9399273799819521,0
1953.213464858054,-17.157016735119146,0.6919967240796434,2
1160.260877176471,-18.893143176504605,0.03909225465773225,0
1473.808198753894,9.83071266427458,0.5780855537445605,1
1447.6716708118513,-14.78204408948068,0.11247752030613845,2
1761.2541472340422,-17.836057130704322,0.44307212162240905,2
1063.5520527690185,14.910952332078447,0.5033559171084788,1
1077.930265685178,-15.449584973393954,0.1422269042755575,0
1580.9660826516208,-16.450236711778096,0.42865214905056237,2
1341.2082597833241,6.61154783930851,0.20845664663024022,1
1304.3028976587148,-18.387572257033067,0.024150372236554696,0
1268.6365677376125,-16.31036695353608,0.3928057914117711,0
1726.413507021103,-14.109457067798045,0.27489952175258614,2
2040.6962617288307,-12.674016046646969,0.5688444526995371,2
1534.0205802349428,-14.592213445358727,0.9825728297075559,2
1414.5255322236658,-21.560444255623068,0.4152371305163486,0
1309.4526192163785,-14.992868076612952,0.31916020891040364,0
1755.6345899204907,-13.505281082120847,0.01753376843177301,2
1269.7151127576597,-19.046495307590416,0.41136822591259936,0
1280.0805423883728,12.911336169747354,0.42189246642349876,1
1480.8651978299938,-18.369965182848244,0.08205886920960803,2
1263.7039845795744,12.058030909765032,0.7064130184374284,1
1657.9338799976501,10.407291499348569,0.15515808229738204,1
1871.7256225759993,-16.43358758788631,0.11561915813621182,2
1275.5055155772077,-15.92963361731534,0.03473223947717263,0
1647.228466387649,11.595109072193562,0.3188409747194473,1
1407.6220223717005,-20.674323480601245,0.17850457418135912,0
1901.7279296102217,10.826710395456677,0.23480400002713975,1
1350.05028929934,-18.759799009928155,0.1252606675314969,0
1474.810245528229,14.95118653111857,0.9237723710127705,1
1369.743656201117,-20.475176384263975,0.6094467221894092,0
1094.7705672268364,-16.316247486607125,0.2359538885153425,0
1529.521081655756,-16.560945403527484,0.2675707160171007,2
1943.2046837209973,10.850191383214064,0.6800543312386064,1
1132.0883218543688,-19.45975570949118,0.3567947651407113,0
1355.6113655855363,-16.768907311927084,0.3405100535326885,0
1833.0562501426402,10.809563123965793,0.8697575924112178,1
1271.3975117521143,10.520613175152622,0.3698392141843171,1
1718.9355369752072,-12.983870637269579,0.9504312114153887,2
1628.4609994761108,-10.062052032061942,0.379143305529298,2
1803.351027841139,-11.391247068507425,0.28839523604935835,2
1828.0244915156957,-15.18582056026087,0.7843335164393076,2
1708.4674008514892,-14.835761023655111,0.2754365404093698,2
1119.8293607054427,-20.923831884574415,0.640397969962522,0
1640.0563983608101,-14.030202335617904,0.3941284910986861,2
1596.5815174754061,-14.05219262783099,0.7127611097246873,2
1682.9632091439205,11.275603831137712,0.7685873522602894,1
1524.5018585352711,10.485548669070358,0.8704677795599778,1
1737.5866527311427,-15.934219982098206,0.2907172530002552,2
1700.1207441446854,-15.726019227287725,0.8016783992422836,2
1838.1109681446137,11.456844366629278,0.5438316075284186,1
1336.9101397858483,-14.608623694759787,0.9820887122473518,0
1402.6068372642485,-16.19872200290069,0.47858851914001554,0
1796.7405737832867,-17.52281236506337,0.34341726147105844,2
2060.731737745577,-14.269849827854387,0.7170474731994467,2
1149.098655991616,11.553204135236758,0.0491015918562171,1
1620.0624784191953,10.667632269219162,0.448891562756229,1
1126.6383376711751,-16.199943851744983,0.37592352854442634,0
1093.8892064696581,-17.986405728498312,0.6900721833861961,0
1596.3354181899829,9.74308667066409,0.6720171766541103,1
1868.2146550763903,8.709149102149366,0.21191426414078374,1
1620.0479639133669,-15.577792638121897,0.3484818533668631,2
1688.914941772815,14.625595260527193,0.5338991627763768,1
1759.5135693305529,11.168157347217303,0.11854577877483441,1
1938.8246811409506,-12.52417585374008,0.02347524232135567,2
1181.6574857872286,-18.6664526616235,0.9510831386506878,0
1555.8904646223991,8.793722731042003,0.07219529632925059,1
787.3325214938301,-17.6235104716274,0.9137431732272813,0
1483.0466626380357,8.3195493735154,0.9369464149784695,1
1545.5056158928944,10.711999871862519,0.48976818532800837,1
1182.5332986487629,-14.83363987076532,0.14586718451774594,0
1631.5184788249294,-10.875353107493233,0.27649716437228566,2
1692.6767070188457,-13.692331203140736,0.35535115926150584,2
1538.4795531263758,9.30615486630872,0.5167479837454759,1
1136.2420758606743,10.516121422398596,0.40929171041520485,1
1662.8669763492787,-16.936070902351265,0.79122934691099,2
1468.9669433391302,-13.404643074035889,0.11256600409476047,2
2100.8004920273256,-17.590666419328453,0.9903014353546509,2
1790.9626146291728,-14.466875111178298,0.8146519012966458,2
1422.4560099541961,-17.467450478629928,0.9148700325221552,2
1312.586505936012,12.573633189590055,0.3452817613606799,1
1627.982477416181,-16.505344253912277,0.10114307857138627,2
1207.4468605325042,-17.194664169256242,0.05634746899046417,0
1268.0689213716744,-15.509617015373633,0.5345434453109562,0
1963.9836020134414,-17.810785291854394,0.6259806894782909,2
1707.7330907702635,-18.04378457025802,0.440645292808045,2
1249.6365653822104,-19.009867999985996,0.24883910848837798,0
1744.070502480556,-16.003316372721944,0.6331555766379486,2
1497.6820026450812,11.882029426805897,0.2764442010358831,1
1237.2658673221456,10.206722941362736,0.010283330789760736,1
1330.6295839999161,7.739395335239555,0.072597477048582,1
1757.1761881720356,-16.55950220453387,0.8820891855855614,2
1531.694722148648,-13.380956546861636,0.8083174233770779,2
1189.3047426779137,-16.533589870233463,0.9528414951958587,0
1496.9955982985998,11.675477938067852,0.16675969980763194,1
1955.7851004665515,-17.203052635858867,0.13694700347809852,2
1390.6700731884723,-17.40162626318962,0.35845248238786864,0
1462.090431360943,-18.25767228691057,0.3598357700305683,0
1151.109378230689,8.263253096155584,0.008870126271953271,1
1158.676981285019,8.3281551697858,0.8730804020626489,1
1271.6429119686345,12.857277921409295,0.6777630042483304,1
1481.904113470451,11.798814216129266,0.15085773371009925,1
1331.924964917951,-20.077130295279776,0.6771614374727151,0
1623.5196909328629,-10.81842646041121,0.630265695416625,2
1585.0358011698886,-14.754705213362145,0.5565558260562267,2
1754.0807161749058,-12.630685897783735,0.33690129320508133,2
2059.782131861701,-14.270112780842576,0.6638212180567911,2
1430.7560496937465,12.305192685540492,0.5207591896433854,1
1210.6325731981935,-18.842419696962423,0.9488700717770513,0
1686.8581070498192,6.464203009271583,0.7533364050453069,1
1685.73669820385,-18.65308915934248,0.6015141663918702,2
2111.394143971121,-16.487930387994666,0.5494655785352371,2
1562.765131147157,-21.176270562880653,0.467383805375748,0
1495.6255183698931,11.939149925154393,0.53757476706078,1
1880.2408387478988,-13.599545486999588,0.4259405632913028,2
1595.9998914426953,-12.309986502557768,0.6895441906047501,2
1652.2156835401627,11.50098405735404,0.5643665540084245,1
1631.5316790291981,-14.28937441747262,0.940238864380325,2
1327.3422304301619,-16.687073336820223,0.4819022552597093,0
1072.1428967130398,-16.662053646293536,0.015265746274856995,0
1277.6026656833124,-14.648760533614745,0.21463574800344354,0
1062.5312604422732,-16.291191449574004,0.979698060727898,0
1688.4406727183912,12.132560602270166,0.9852278012676905,1
1309.4896490697874,14.628568816751812,0.4065629710217976,1
1289.4035218453448,-21.70184253411959,0.9304070192117536,0
1526.8216356750618,-20.680597313659955,0.6513453487760144,0
1954.2730116782973,-12.215417499007522,0.8531331866336054,2
1809.8711883285143,11.609712518911689,0.9966672755483058,1
1012.7227529090009,-19.77072266806888,0.06779158970377752,0
1847.5093379922384,-14.005014805617835,0.41792490926786974,2
994.0275009039265,-15.457319327323795,0.8301686090374055,0
1391.994528574913,-14.043908455287367,0.24220738762423677,2
1103.5988371889416,-20.143151691868045,0.3177317774764439,0
1067.964661871165,-18.518381174866974,0.26715048844529155,0
1813.7617488236795,11.738598111000805,0.09584761788147156,1
1958.6181159233909,11.19390778685255,0.7976913455108608,1
1169.7811745850747,13.697224931737418,0.6154138020096351,1
1340.2845644896895,-14.812911938230735,0.27915391791790956,0
1253.6927552606662,-18.05844233060683,0.6026273306832642,0
1638.1642873246303,-15.635450682236536,0.5299943919461444,2
1186.1797439849317,-17.70764955651494,0.5193879748558102,0
1822.3425263028369,-15.860704423053999,0.4590954920957888,2
1542.409989288477,7.187383127970328,0.9247248915635154,1
1089.7890256190785,-18.99873638899867,0.007016024965001533,0
1284.545573621677,13.22695321375049,0.5640151766199064,1
1339.3879082638514,-16.841521307387797,0.9799564405385844,0
1320.2528930653866,-15.329861360158612,0.19984168943405767,2
1464.0560322190383,-18.853589431799342,0.7097050792046478,0
1557.9507851528826,-11.275902378583412,0.5549182526333629,2
1364.265769704823,-14.142962307889654,0.3113268559282121,2
1357.1176672615788,-14.040589582059319,0.8211715902476187,2
1965.8408544785718,-17.043225656959873,0.6296336364865842,2
1265.4742823399524,-16.029893804898464,0.6910713876633281,0
1179.0310792980445,-16.833546085519842,0.30251457938537807,0
1536.0541299878273,14.282750304286216,0.5808392133423623,1
1319.1547160132081,10.305097899257667,0.17298594367788023,1
1633.4967054502695,-15.241248080408646,0.9794975099854335,2
1825.562296904672,15.217639386780025,0.06068471800377895,1
1353.2992866495788,-21.92846497959964,0.7783814589473498,0
1992.6790603686968,-11.89952350430935,0.7675029535383968,2
1490.1709971160499,10.135891629343863,0.9747005716339562,1
1877.2569607563075,11.577110427184113,0.03088805125572125,1
1558.3402300977505,-14.805988135320046,0.6606635677424161,2
1596.0709538071796,-12.17374338162676,0.41926391046685507,2
1436.4869022048624,-15.721231615524061,0.5376270000032713,2
1703.4276998746186,12.317268081618899,0.7109463472942417,1
1140.67269935482,-17.503691004768836,0.9173974158404801,0
1557.96010767665,12.611114181228055,0.7654653865014599,1
1470.8963211640696,-15.698681631224902,0.04201496276129957,2
1641.2910424161819,11.179618946901266,0.029763111265436515,1
1197.732970001898,-17.41077874062324,0.16571952751064278,0
1489.3575151896237,-12.931600250362747,0.28836797892103405,2
1459.703013277133,-16.141028771243217,0.040583900440622434,0
1837.0073942583151,-13.05690988123541,0.2627396042118797,2
1862.1080339139794,-11.323381833725502,0.5420249654568352,2
1619.2027278352316,-10.466295362774908,0.1447580557526873,2
1527.9959691403928,14.294443091733232,0.5090072947992424,1
2004.5907289293755,-16.08050633266107,0.35324641813950863,2
1476.9211617419799,-16.98809199801722,0.7170524262731408,0
1578.6261059431115,-15.891246924248742,0.9001848351901558,2
1124.964073938875,-12.946648478798165,0.7051926649327375,2
1340.3714370212197,8.709704766432706,0.12236457107109666,1
1746.3567926036305,-14.059942884118403,0.22540645327020337,2
1559.0565981051725,8.840768617094605,0.3836192225124615,1
1901.041403858307,-16.44783965547024,0.7285769478299957,2
1342.0071026942057,-18.311984352307547,0.518205497102758,0
1617.782887813011,-15.326361626897079,0.740291187385039,2
1826.9087144768682,-14.429912523020533,0.9471873479060244,2
1387.3424896619372,-18.890350613582907,0.07372075174967663,0
1379.7289394596985,-17.811348675118335,0.31030981583027273,0
1563.785952112618,9.790417298017285,0.42910177068806854,1
1334.011783599714,-17.06704469663554,0.7147413745697803,0
1475.7349499740449,11.03404689297352,0.7082858043509584,1
1514.789611813892,-13.212632790562822,0.2741085921479809,2
1297.4228256902636,-16.78268386052949,0.5338417105655132,0
1795.0379882738307,15.219968756918686,0.8835702650664959,1
1566.7385584629874,-13.404218234058856,0.39099900309958857,2
1479.193288380048,-21.221125519014343,0.6896059016155335,0
1590.3137799045892,-20.235423866108032,0.7071484100737757,0
1643.1327767439773,10.432353037492557,0.08173703226513962,1
1351.5495158450815,12.239333990701427,0.21487357582400635,1
1131.1865507346818,-21.33735298015045,0.13428685631269166,0
1556.0584898325706,-14.43477917397236,0.06018025296468121,2
1302.5009281524858,-16.37796138972802,0.529570513124091,2
1435.145848975596,-19.632810086185447,0.05638208411539203,0
1470.6608026708086,-16.678625570756235,0.29068760698216267,0
1248.4509874017126,-18.730745463799373,0.9489984413643686,0
1720.0954632098778,-12.506074647250212,0.1912666911722728,2
1503.5324825314037,-15.958822947776184,0.4942218756847755,2
1623.7910974047763,-13.410391001115942,0.07483506875739365,2
1746.254608450747,-15.626416947911341,0.3661097051407689,2
1980.3514497441665,-13.61721655926547,0.8450797439947045,2
1057.8776545829771,-16.015829673753373,0.3430164343688745,0
1641.3152935511782,12.387732340976504,0.49725910081159874,1
1071.791863099246,-19.986694655694706,0.38802662836242574,0
1732.4442344346025,-13.23943635371278,0.9731269285523816,2
1725.2740573315468,-16.714853042608606,0.3665871835960832,2
1657.7174387226094,-18.55916590032998,0.553712815074168,2
1658.7742112711198,-14.42028428567411,0.12490862447882134,2
1520.6532659857494,8.715150235665355,0.6042591447522656,1
1317.872878734238,-17.786344607167017,0.2590438093544495,0
1034.6083750199691,-15.85109628391651,0.8106463952166855,0
1354.33781063181,-18.8685941166291,0.8968164775131648,0
1373.6974569562137,9.16367500889705,0.5255388381067403,1
1387.2970440250579,-16.118848567356714,0.005185972552193996,0
1208.5279189026098,8.434230231378054,0.963898875165168,1
1309.2072002941386,-16.68680745594608,0.13295222485591107,0
1298.3481725232555,13.937343509725778,0.06522690058278091,1
1439.1439481858447,8.392562279154705,0.6043825625811963,1
1349.9402856645338,-17.71432530704343,0.24635355608567477,0
1119.8854211297516,-19.825166379814007,0.17857376417859872,0
2100.7475792976634,-9.458332315980774,0.4523086940764315,2
1107.403504347124,-19.88478367562908,0.3325610887530399,0
1357.2879080144871,-14.065587863779394,0.8322353170447068,2
1721.6407812867353,10.832363859012577,0.8646187409777166,1
1460.6327204411177,-16.20251405664911,0.9241412266012525,0
1447.7652044130734,-18.77323951631935,0.650910074818895,0
2032.8551240958732,-14.076133821780882,0.6735608012931887,2
1587.9968262235066,-14.396401409447778,0.7257602330819705,2
1476.775720578434,8.46971694445617,0.37342989405464766,1
1916.4975253278317,-10.096769419733654,0.18603262409115562,2
1421.4491588214514,10.473740956656929,0.28945111189359274,1
1502.4596747888847,11.965524250290962,0.7037332521090786,1
1343.799097398792,-18.26314917172691,0.3053911997837493,0
1597.9736837488285,-18.107752971382304,0.12244378266775591,2
1753.0506442903654,11.992728077006907,0.3419717417964261,1
1227.8018493185414,-15.908647115654855,0.3865063072670951,0
1568.006003510287,-18.5028283637983,0.5352383728289835,0
690.6799548054548,-20.121799428001722,0.828377759957178,0
1908.775981028179,-15.211635892809584,0.6393943367554868,2
1832.6910725594203,-15.928551203136372,0.5012033237391548,2
1571.6711063283894,13.96278818012681,0.018583992404618166,1
1453.7356613418665,10.393096184746799,0.0038229707804529056,1
1814.3640674337455,-17.18291734798367,0.8084632844333939,2
1786.432935234861,-21.171941547722945,0.5374402447297402,2
1714.4309128133652,8.689130951005826,0.8591239370750035,1
1516.7852716862274,-20.94005004571468,0.08339771304573118,2
1878.8203207935965,10.623737648131435,0.9127938147741588,1
744.8279493038488,-18.302081641505254,0.8332547782121292,0
1527.8998384844876,-11.765738994503103,0.8344167326050427,2
1335.6915922589765,-19.69327899769872,0.5427858576220617,0
1606.683801893439,-15.143654057205227,0.49595176455261114,2
1069.6721520843194,-17.125813010223947,0.971513070203759,0
1778.3918599019632,-13.45588536239301,0.008305641569199107,2
1395.9178497889911,-16.16123053587298,0.5981422948732446,0
1588.0034520115237,12.165062693195022,0.056354327727833664,1
1748.6306229143188,-13.110145692364181,0.4219611063922083,2
1420.5039872573384,-16.506782516929366,0.831032668161822,0
1266.9662538843208,-16.50365486361014,0.9752696084473582,0
1571.0176369385272,-19.052813548394937,0.28358413902515367,2
1393.121896954176,-16.473804190134146,0.48781247104914716,0
1155.2056777432267,-16.818160789586592,0.9074398722190006,0
1379.4446900045798,-16.404155623478427,0.5081517595584272,0
1622.1235728352642,-17.795379436774326,0.674827942951892,2
1693.9905855546062,12.317736268710213,0.8874772030678658,1
1612.9046102031896,11.380927767693834,0.950788594695784,1
1704.4402479856083,-18.346174944269812,0.37199232816362526,0
1676.6802035851733,-13.081738438537448,0.07516352290005357,2
1670.0343711847013,13.940604944497307,0.8417886106036916,1
1162.6074400713264,-15.357883483663365,0.383934640257765,0
1143.1986634834923,-16.276998370718516,0.15253848194735298,0
1492.127043914228,-15.250138919013523,0.44739298475964473,0
1843.846987089389,12.420049447023873,0.8589301706754346,1
1018.5333022144662,-19.753307887718435,0.28638136077242393,0
1575.9699964490426,-18.154085643882002,0.6482358837778832,0
1719.2050489428798,-16.641883633936416,0.8575043257975136,2
1614.0369314817651,9.298560536314406,0.9271819627799556,1
1223.4446836165478,-18.31930391310425,0.3535878779337499,0
1340.2116180273927,-19.200150639705242,0.03573600067032168,0
1158.0613470896762,-17.18950056170917,0.1478712543029379,0
1021.0201011260598,-21.19330778248718,0.23025692104656892,0
1482.4636372027624,-21.059718543124955,0.30735596422224953,0
1256.5102268473538,-18.252504789684934,0.8565857097379431,0
1032.6957780528194,10.536487030147342,0.6018375368305571,1
1646.625830590272,8.53753414784138,0.21212333532818584,1
1064.5136813862216,-17.38925686566888,0.21259476168471203,0
1617.018949234976,-13.81512734569922,0.263635772521019,2
1715.6547508393462,-12.874385728497074,0.24676333800135286,2
1312.2363188208978,-16.699396999126527,0.6838402266744862,0
1602.0254852684213,-15.205246641284957,0.7860911685121279,2
1502.5246982252481,-12.772701048977124,0.11613480300370405,2
1409.7658398235067,-12.806990658321606,0.24306036875493153,2
1237.506099788919,-17.835597654161084,0.9436272075164231,0
1147.4971219284148,-22.833984154939834,0.37771135418661306,0
1861.8025336907351,14.740514844382005,0.7017703479391773,1
1357.800490443396,10.181266985362113,0.5595555775333872,1
1438.373484616547,-17.01862776019513,0.7846313284746844,2
1639.3842997098736,-17.793215246569446,0.9998330305428348,0
1762.8905389608499,-17.373673353191784,0.26052371179096034,2
1120.098580436827,-19.657815487139473,0.7616492758490803,0
1573.6687686463229,-15.985936572835875,0.8070932657642418,2
1524.83625177962,-18.403272058500647,0.2683414437403804,0
1761.7432675787181,-14.522706700033718,0.8307311808860137,2
1417.6063484180615,-14.176057716210046,0.4987705395935145,0
1539.7425709211952,9.863755665742357,0.9381315542895989,1
1156.3772349729302,-18.511005943188273,0.22881950506944604,0
1999.3063327218874,-17.483119643701336,0.040983661816348826,2
1334.298195664093,12.54485999081496,0.8072072223678859,1
958.2234424536094,-15.543850560187263,0.26227987108634865,0
1221.314684811534,12.779640669582745,0.5477459406122608,1
1629.2065163496168,-11.087196314692727,0.8628324882479181,2
1626.229095716091,7.396589851400761,0.21720631801933155,1
884.7055999425997,-12.84967440982052,0.8841743594079213,0
1915.0193278968318,8.677318369620075,0.8129736267499957,1
1633.551625538966,-12.797332290892015,0.859366869967628,2
2185.753770556527,-17.86196427353297,0.18845635437685615,2
1001.2735890607717,-20.23789453690636,0.3799991926909684,0
1040.93261616932,-20.503139306859435,0.925576501362458,0
1673.721907547581,-13.139005509198194,0.5667022115629529,2
1268.7265773617257,-18.548613447607185,0.1767444935866691,0
917.6986549537453,-17.42194167306954,0.9758947848773992,0
1393.2945402732628,-20.33885877053091,0.3400363309299287,0
1347.6863007500308,-16.42988937896853,0.12147952167844145,0
1453.1909615878906,-16.416229288212637,0.1605050815052279,0
1068.6417709964544,-18.382554018763276,0.4372681261704503,0
1987.8869572352255,11.561448817848065,0.352674581465768,1
1907.205900240013,-9.81061675223367,0.8723373887351227,2
1534.4298989383467,12.663249642142652,0.6142579905845366,1
1683.1567728013529,15.392056152710861,0.4461932226853297,1
1898.272538500542,-14.044059669171919,0.11898930285281872,2
1324.5362735161034,13.012140791370998,0.7380545184689439,1
1206.2572072919734,-15.662052427395674,0.8221062542756432,0
1533.985870935738,12.964410202300394,0.9818667760896157,1
1921.477286425249,10.606413826337342,0.9608393724589414,1
1678.8506587065476,10.164929588716046,0.12420100480540508,1
1341.9068790075937,12.576405760679055,0.3098735955473766,1
1526.1676470182388,11.054338993030882,0.09609730999135524,1
1276.0284139846697,-17.062050040858466,0.773018705135868,2
1356.2881784547183,12.499256526235067,0.8609361039137742,1
1930.9980786977974,-10.987273094531044,0.6369476470954579,2
1660.176396886305,12.26309209926061,0.6856933481038993,1
1106.2852554273968,-18.154662461473457,0.5720226061506305,0
1159.5776398136334,10.664487484467731,0.5405490772035175,1
1284.6640437316803,-17.62288918552242,0.8625787400295777,0
1354.646845187995,9.207886533006782,0.9569503182163227,1
1533.8966300441546,-17.48067749774794,0.8545291678761171,0
1780.0794979599332,-15.366156980508643,0.05744639113514338,2
1532.2025409438402,8.828172775041093,0.31609164405029544,1
1282.0818972754719,-16.352847646214407,0.9556257851461679,0
1403.407343013246,9.388958474205022,0.7652241782821196,1
1602.5399559204718,11.317835733810059,0.9429986631031342,1
1524.1528525121032,-20.007600232977666,0.5590096949628299,0
1357.800822301778,9.406408059374257,0.44261877884530265,1
1586.4053578335138,-11.99281503929566,0.38053519387661694,2
1794.973467668371,-13.630553883647652,0.9151525983595626,2
1848.228613134894,11.331339910501775,0.6388039179951434,1
1436.093066715899,10.440230022988278,0.8825523334475249,1
1278.2265144658318,-18.07629936626498,0.7451512374572179,0
1763.9484677495072,9.27592850277708,0.050050236750528554,1
968.9525601702222,-17.152652230551126,0.7926711829195504,0
1806.1071111544359,-14.758465561931212,0.3880219453902013,2
1299.5792739728174,12.997805202254996,0.6205573473733992,1
1373.8615580179332,-19.091239448858172,0.35049069558831325,0
1271.3363231818967,11.742399440497314,0.0004118443029387242,1
1599.5545626180278,-19.66072467148142,0.8489817187994132,0
1601.3916475663268,-15.077523913393321,0.9450268135066143,0
1400.6198632940395,-17.851266154359042,0.8727544126196756,0
1898.9125139114492,-16.745046146401492,0.05308620038858647,2
1732.4748213144169,-13.037985605460884,0.07163771781035833,2
1044.7057220766992,-13.862408535241098,0.3387970552124592,0
1206.0273607634842,-18.047674833052184,0.4915348449929611,0
1904.0906994460738,-16.82707666364202,0.9693374167469189,2
1890.5896419464848,-14.232229152922113,0.03884334762573738,2
1831.3153053901995,-10.36366953397306,0.8728872548930704,2
990.988109721497,-14.304783985194264,0.17624491648556406,0
1346.6982430623893,11.763153573838833,0.7498004277554025,1
1349.2220004499984,11.386802971800535,0.14867629591104403,1
1563.527564040814,10.885198937103818,0.5175944932419387,1
1416.9510180846044,-12.945156629488592,0.3176869103017299,2
1806.281462225136,11.944209615913202,0.23873021546370876,1
1665.079914633646,11.279943566236877,0.7849922935265022,1
1305.2296485624627,-12.105648487370068,0.540773129932241,2
1172.8161503483434,6.842437476288925,0.29074765294493865,1
1301.1706490228557,-15.919769456601351,0.8901246143870756,2
1157.7688168444051,-19.55179846604663,0.9196485010231068,0
1760.0350033509037,9.410662896249097,0.4277107634076944,1
1637.7350374013474,-16.59891019640637,0.8268074374489928,0
1307.8009344728596,-14.173560662143947,0.9603859462365822,2
1356.4063487250783,10.499948279392482,0.651145617983185,1
1445.8838090342483,10.333196304094917,0.44848111205272523,1
1368.3658119474376,14.051369064898378,0.1723104538608674,1
2100.1877103224956,-15.098944540148405,0.001151335130954334,2
1429.4746755766214,-17.513083095428232,0.07023489591397492,0
1520.9791394031386,13.401635367800774,0.3869421961586037,1
1420.2524351306806,17.595485775098176,0.6421765248991104,1
1288.1159010250958,-22.32068452129675,0.14478474647173145,0
1614.981359478664,13.381389487979842,0.13103154223404723,1
854.225166032689,-16.989783353711072,0.5968850029317612,0
1736.624846340335,6.560554603205129,0.132988730267679,1
1593.2962600698565,10.868828739867508,0.1198709209554496,1
1877.0774362341363,-18.04494920981797,0.351573233369492,2
1416.8692048497012,-17.557735630220783,0.6275950468261257,0
1266.9501008422926,8.427181188285141,0.18419391147796305,1
1426.9657559216175,12.979608298904925,0.8979074158902612,1
1161.7295775396963,-21.101747781319048,0.9772997364993898,0
1784.3120161069276,-14.50870310568898,0.6351022875905258,2
1243.279306683522,7.921198195569503,0.8293474891091673,1
1712.0980808157838,-15.006365057758195,0.6911748479143027,2
1618.9813279917973,10.952420935451563,0.9784956122766473,1
1519.071853195092,-19.905769580509116,0.5204440314136315,0
1653.0545831794327,8.690962509013008,0.4039598721211758,1
1444.6866497267986,-15.040841957414086,0.8993127545234739,2
1570.8503710230889,-15.331481642617124,0.7714688430566051,2
1489.8639593901657,-16.24678644091492,0.7627475601155173,0
1484.1946911065356,-14.295773757244966,0.64587964015989,2
1842.1902763961004,-12.99762905107697,0.5444157945682582,2
1253.9998197356822,-19.010834741290026,0.11228291650015354,0
1748.2113937681997,-15.719649420360366,0.7121566795099333,2
1746.4889784930624,-15.388356409044267,0.3782517927463358,2
1366.1755301803055,12.270146878355828,0.10598951101018295,1
1514.3536090448513,-16.09112316034965,0.9066245366078601,0
1525.1201332750866,10.379321097895737,0.7211669206224445,1
1442.6582518247756,-16.532399979973906,0.3850445739399422,0
1482.8132807727357,-12.313202008154157,0.8857608132015425,2
1522.5524613206837,-16.616523726002058,0.2811217595162351,2
1117.151339332243,-17.983184336362978,0.09574725423853003,0
1776.8137219479229,-12.585152514970687,0.5760764066782995,2
1915.2274560912897,-14.457449702900076,0.802003971766303,2
1299.3962458177532,14.089244397901915,0.8108279499500678,1
1112.2335472388231,-22.732289580784588,0.2234989915340314,0
1675.5816618263295,-16.998306061712736,0.8132057327792477,2
1112.299206334888,-19.08447346294081,0.8130388126801588,0
1694.9698635737373,-12.953755106613691,0.9964978556434451,2
1161.0247832844993,-17.70456362853149,0.625719541993638,0
1336.4396248456833,-19.676933463199603,0.0016793028201430582,0
992.1715753853413,-16.672130733021675,0.9830643755141294,0
1067.2754184945838,10.727517819539848,0.6635096343285796,1
1482.3125311275132,-15.986366411020756,0.7142889713227706,2
1541.2649289935664,-16.16321224306716,0.7113455713928855,0
1467.8833480848741,10.55588423288511,0.8817679050277332,1
1548.2821167265192,12.846443577252211,0.3052186190139401,1
1190.6878827486155,8.415126693734374,0.3440047313754738,1
1411.5881299105197,-20.50052218029638,0.2567711651184962,0
1349.0383210556402,8.032591691471398,0.6584580683994098,1
1910.1870369638996,-13.599890699926428,0.6948625691491027,2
1628.389268736505,9.955715957572322,0.549229348316991,1
1791.9537347091189,-19.332038120691685,0.48997289866671057,2
1094.2190045610976,10.799483918776948,0.33182859097250894,1
1648.3809939953264,-16.029928732316737,0.07906072834935296,0
1289.3284730047735,-11.496077975334112,0.9824901609953864,2
1337.7119315841144,11.250552204166063,0.8562585461661703,1
1802.2013022043857,-14.004867382814021,0.05590334610498848,2
1256.4501264653522,-20.10514379354059,0.18766757435040704,0
1615.5932506670172,4.915557007535446,0.9389158369902163,1
870.4446785081564,-18.322243218813917,0.20631791287207835,0
1123.2791584002416,-14.240489879350537,0.6727645049298985,0
985.6494579098221,-18.06518531680103,0.5455498138746954,0
1791.9357365618343,-14.909128507976705,0.34955737385372265,2
1396.0193823685886,-18.520250467479805,0.484056843075627,2
1583.8983345496326,14.779133002797268,0.7889425768521489,1
1596.8009936803726,11.02520593154528,0.6027733249322206,1
1452.4507947540899,9.211075538628041,0.3547997741861795,1
1175.6056766914483,8.348889384997841,0.5401321466594837,1
1410.6362141450522,-19.43894192244501,0.971753044226895,0
1894.8267682299165,9.18523265124214,0.738304885421182,1
1906.868636917599,-16.63690550140183,0.019349235036574708,0
1588.2653494649662,11.02315699533596,0.5569861348618421,1
1443.3727092412462,8.926936355950694,0.9932376610628079,1
1064.1187270840976,-19.17754338260249,0.6909589432831813,0
1285.293650764,10.455034393178037,0.8411410002427463,1
1865.3656844894463,-12.895720237468886,0.6677999889319851,2
1103.3703825097955,-15.550540805146083,0.4740817169204813,2
1207.8599959797912,-18.60534606708737,0.8288067536557099,0
1474.8879011888587,10.486079582881295,0.1943305082704072,1
1056.5221039762187,-16.671700107163883,0.8662965369433363,0
2173.6273920367485,-14.471801518502389,0.6970396161721576,2
1860.7566190662358,-15.801670752936458,0.8098653831660092,2
970.478127829701,-17.478198719831628,0.8899554382008679,0
1944.62451952251,-12.036448688136362,0.8781641620845645,2
1211.3101584114029,10.52603180259293,0.7194565621069086,1
1823.5860901739316,-17.45181319732531,0.9707396608332093,2
1748.864282073928,14.387184067890564,0.5020943706405155,1
1976.856542253764,8.339438318220097,0.7827839553006789,1
1431.869424482432,-17.641121059657628,0.9369715954060329,0
1074.520460484781,-18.63294458367009,0.9152817028970026,0
1757.2996414885001,11.996779452574147,0.7362444741281337,1
1615.8889396638751,-11.13067811538418,0.5533961131546624,2
1661.868599326608,-9.830720038859857,0.27630008035262965,2
1162.5002924182663,-18.918341437326017,0.7053363698986025,0
1668.7269134490723,9.385463959770016,0.25474492378215996,1
1668.0995283714014,10.869906907774478,0.19565182510979562,1
2127.8566144009224,-17.089768541992417,0.7971519140498645,2
1632.4619044342455,-14.537124394772972,0.045887493813478786,2
1700.0558758983757,-14.711203148406716,0.7562874381689743,2
1463.5813748656808,10.392378209866491,0.8131903402945493,1
1298.6314937890804,-16.336344098487753,0.19077583505633866,0
1521.889955155643,11.797085202085752,0.7812022406506357,1
1426.6143713643173,9.239448301550377,0.8055520070257679,1
1080.3354059611095,6.517776207260343,0.8129163840386692,1
1327.704151979034,-19.060169214312563,0.2424582014038531,0
1342.3368153333086,14.286795160015675,0.13916817845047913,1
1853.634364462177,10.888251789342695,0.9430760380620585,1
1590.1006596309344,-14.417837544900397,0.9277422607994414,2
1538.4155977685718,10.668150121338444,0.7265299651327715,1
1973.3761141209086,-18.6949484849969,0.854090322169912,2
1177.4898907029703,10.331601323797617,0.1920720337201437,1
1119.8209815687835,-14.534153265738617,0.8806381328046383,0
1662.0853827650205,10.29039533930612,0.1915689656143239,1
1810.7545486880092,-16.425971429023612,0.6669753244462966,2
1604.8894086413297,-16.608196706492773,0.9859168183724949,2
914.700627995251,-17.801148035288733,0.6052727016263201,0
1937.4053715130174,-13.705062610459963,0.02119530192397112,2
1432.8330098906958,-16.126650087731605,0.4555915256168843,0
1405.570275261815,10.081577737211793,0.20931882527201384,1
1889.6897989751026,-11.750961916904634,0.6336533684128446,2
1824.079432572186,-13.862713628938094,0.49358986178125064,2
1310.1609774546325,-15.176370281435002,0.21170583661318787,0
1499.2563491239011,-14.314947487526107,0.20049422095982228,2
1895.1777505092557,-12.538719701336435,0.8206593587774379,2
1538.8527459666866,-18.38922067389777,0.5090379925589498,2
1358.5944060563133,-20.478445229633138,0.2813904540293546,0
1282.9878866773324,-13.246165047834443,0.5020993196275885,2
905.1920975915816,-16.251898672610405,0.1825488050475872,0
1598.6393135754722,-14.709320474955046,0.5396095692239887,2
1706.9284793305521,-15.551314156071642,0.6363659089422586,2
1255.5815041525896,-18.72379833496084,0.7785024274608341,0
1678.0636722125294,13.617032499531119,0.41998260380676666,1
1581.5662499561786,13.981251833595682,0.32621625572866775,1
1246.4540956538583,-21.19841688062325,0.8331380472232252,0
1466.8718087793736,-16.899687266927636,0.1450667213377027,2
1087.5772828041197,-19.066248558322382,0.9222297125401115,0
1367.5006683009408,-17.51039452704034,0.6165491941426333,0
1114.740035466918,-18.34575480709198,0.5694719010900055,0
1802.0819842795795,8.490874052922411,0.03234021198203629,1
1580.404218414144,10.748077223432345,0.8651373169400084,1
1652.5672827730925,-12.451950749724414,0.576929292641974,2
1912.1592580601018,10.150892557244154,0.20645328909645433,1
1210.974814540052,-18.80598147072848,0.3923827276497327,0
1696.4947401955756,11.467030610455646,0.6463093904020698,1
1494.775765046367,-22.79709221203656,0.6440160014336903,0
1676.1999013815537,8.335003530886274,0.037434547180107636,1
2147.0403756004876,-13.334498011280346,0.8559240626049746,2
1714.5237176176327,-13.452277590987586,0.6017045607697051,2
1708.5582982599926,-16.533343763321984,0.1169703225578912,0
1250.2565210001076,-19.315676060534337,0.5723215062332714,0
1259.992174934253,-17.241405177609224,0.5699581263882855,0
1301.7537179379908,8.263317431164673,0.4366087416846829,1
1682.8405882582206,10.881927635484182,0.8950869121211492,1
1641.9116383345208,11.33053103895747,0.16801551802447856,1
1461.6313069520882,-18.79027166826609,0.3202804288189196,0
1635.593324232549,-15.376537905640376,0.8615145013049832,2
1823.2308965829752,-14.96867619847428,0.9145545509472619,2
1475.605639274211,-18.8131124369779,0.6652754937902772,0
1558.4073900029048,-14.973842437591909,0.4069236518076317,2
1348.9490561348769,-15.163754059429516,0.11628080662354001,0
1895.7818378881861,11.66886682200987,0.45976265275558614,1
1531.5376192022406,12.63425522351342,0.5295473112710398,1
1387.063584705195,-18.639025136581616,0.2934435014880785,0
998.6592103642254,-20.650237931843332,0.8400203290398094,0
1246.7524356008005,-16.042967278615848,0.42701086226656604,0
1570.6207537976893,11.15894257755932,0.04940871928720392,1
1657.1978117934077,-16.771145991826483,0.11890554682995502,2
1252.8496290729613,-20.330148179462146,0.8785221358731405,0
1056.1144260982599,-19.27911693751226,0.6071413010818908,0
1853.02995770299,-15.780067637204153,0.4382939467995943,2
1613.0201881475614,9.21543612315772,0.4108089086923611,1
1198.3255530066267,-15.319929728135255,0.27935683384976284,0
903.6051727383839,-16.39386462707126,0.7484427521560326,0
1344.761683189041,-13.11707842283217,0.025268055410199386,2
1756.9128271239304,14.989051630092156,0.027566151630091684,1
1547.204520010612,9.21550283720723,0.4068672799362466,1
1622.4875037319364,12.585319774085017,0.0005557781125299366,1
1455.2401214511412,-18.637845223549416,0.399972814480379,0
1153.56309873251,-18.321207399398602,0.8667549922853095,0
1053.412615344356,-20.24343893923752,0.6985491063554223,0
2000.9563930351596,-16.07947587051139,0.113606574338875,2
1172.9350567195713,9.577394217705352,0.9594402654054314,1
1301.7553721008394,-14.594037297915326,0.6946845648607286,0
1621.1672418471956,-16.062433823839072,0.19781318032017026,0
1255.9865006981686,-19.02787693122466,0.4217018692597496,0
1530.132843639644,-20.126774733892677,0.04635983912840358,0
1863.286669221527,-16.28605589526424,0.3010277407136983,2
1391.759305398748,-19.107450329858633,0.9372536466038222,0
1677.9271415284825,-13.70580933035851,0.6746602018706566,2
1709.5366522119552,-13.623747050787511,0.04178754488452341,2
1056.3593639144183,8.525654462886092,0.588006969779705,1
1836.4751764462799,-13.79045911604258,0.8506735786506227,2
1665.449744294852,10.993955903142458,0.5545550718234236,1
1409.2790485028243,12.035161269819387,0.6167801488158589,1
1091.1652633867207,-17.236978709758304,0.34422238204748257,0
1997.6404618719912,-15.19071384406507,0.3171347814823766,2
1030.8087255947878,-20.709840751014966,0.6105905304141782,0
1563.0893142319644,-14.97191206407988,0.39255100777187135,0
1603.25455750303,10.021250736526975,0.5776538306120756,1
1007.4488269611616,-19.62237337395278,0.3187909377572228,0
1214.600539605272,8.923716400578185,0.8841330901492815,1
1383.15961951617,8.660648947218203,0.21238452256412377,1
1310.0413275375413,-16.899070008103315,0.13257089838226455,0
1409.5094166780473,7.359651254415442,0.8723633085837282,1
1634.4442358388612,-12.63451677465375,0.12393235959002569,2
1894.241680780555,-15.136421023475169,0.10534608630364384,2
1136.1548546961062,-18.12452819367111,0.8366122844054292,0
1525.635415720244,-13.051221011311863,0.815220851991725,2
1718.9151189706802,-10.1039053770855,0.7209506511784082,2
1341.2349445056352,-21.552646104037844,0.17321343966194558,0
1593.4715227459758,-13.355878600214615,0.15168109260844564,2
1467.4717799070902,-17.99885445045736,0.9073398200735889,0
1455.0840176437825,13.64467271200627,0.17566912822446512,1
1499.3838064549043,11.723286952191154,0.4397357405614153,1
1309.9335839187547,-20.42917935937156,0.19377329992334014,0
1354.8860471923665,-11.915876858265719,0.13828354118244746,2
1314.938796022536,-19.753544129987862,0.33714259210819664,0
1438.4127430827386,12.835000134998467,0.6011844068353785,1
1779.2359448080897,9.504309317806245,0.17990286298587999,1
1280.2102603484639,-16.517588613361305,0.8775579486482408,0
1628.797859998722,-15.29242843341009,0.07322685390627748,2
1131.0334343771717,-19.86383496409406,0.25166598438013343,0
1473.7180637739525,9.439269509697757,0.9779421708441175,1
1295.52242413042,-18.97334360170045,0.008772661087267486,0
1300.5574050522043,13.914245210901017,0.6779171827568861,1
1491.636310072533,-14.561393463283855,0.3406151912846356,2
2009.4267838377036,-17.397741252575106,0.2457357507361514,2
2088.5489272343843,-16.70520946314378,0.6978793227733044,2
1867.8399563443306,10.646328206623547,0.17653126864552882,1
1317.0506180211974,-17.171975795598886,0.8364761463805641,0
2019.1973237226962,9.502873662100056,0.11649245801806807,1
1483.409589613185,-21.00822474993687,0.9908655418117202,0
1696.670737158062,-11.514484215000756,0.9994429076349339,2
1408.6331182511337,-14.422525113027485,0.6030539658578344,2
984.2910077088003,-19.711810448114395,0.9317083430848313,0
1558.366047610454,-15.137385855416564,0.22366325137381682,2
1289.9143666694652,10.380542743845545,0.1804073099858543,1
1333.5036231463644,-18.464678623502422,0.3995418712186898,0
1668.3859672023707,13.755318089643758,0.12676717595299036,1
1416.989687902454,-18.51614471185696,0.29438627717169785,0
2028.4181181341307,-13.968326325113527,0.915083217577506,2
1422.8726003041938,-17.569062578091057,0.22076668436555635,2
1705.2677513131812,11.44653724986248,0.8883406963573508,1
1635.0527455833203,-15.100491527137413,0.6623369668700889,2
1198.8172532181943,10.248266453167108,0.9334355334820054,1
1568.2041528493728,14.679522777778779,0.812064289225198,1
1203.7489498403168,-17.096176605787583,0.6441435629672747,0
1594.7164301742255,-16.419787596180264,0.2781293727552928,0
1573.4448932302414,-15.119648389071978,0.08365824850807058,2
1276.1631709503615,-18.304360484825466,0.687246856189985,0
1484.6771624932362,5.2481048576684675,0.7212272239845775,1
1343.006705512844,-17.69220023789196,0.4189061158225452,0
1543.3636352427256,12.175245629165998,0.7455019044809746,1
1628.479730973593,14.750717718512208,0.4678790791741603,1
1793.5093962301305,11.69615520263769,0.8086194240635564,1
1093.100258083653,-20.737183855297072,0.2023119510566319,0
1444.1339203101552,9.911180616246336,0.6485887511948558,1
1233.2156956743702,11.450955638394976,0.12386407131898669,1
1320.0437057153295,-19.07037041055837,0.21041194315877942,0
1589.6250611795222,11.269698812250088,0.6916272037912011,1
1622.4744563066388,-17.74476815733012,0.4228031491683645,2
1680.6069005020472,-14.13247981752139,0.8368619798749439,2
1679.0458343522055,-11.911147499785535,0.7256581570534947,2
1866.8632605174405,11.473466967638076,0.6856572438840413,1
1526.2667511856248,14.279356800309394,0.7376286416400829,1
1627.0098812265883,9.680591773241272,0.5109716978147638,1
1936.8148994614244,12.958353101692682,0.7144047944009213,1
1650.818379539221,-15.009253112255868,0.04708982065553069,2
1584.1261964566238,-14.02144642280599,0.16578297115036167,2
1114.1059066024095,-16.15464162023331,0.07054305421151597,0
1260.6428547893383,9.818198376213868,0.0747903820657847,1
2062.3343770449,-13.894761264695665,0.1567902569584112,2
1692.1264630390335,9.507180022196765,0.7119969391721398,1
1423.5736801122357,12.73678084231644,0.1953601437683148,1
1715.9659952594272,-13.223158081223966,0.32870074356602275,2
1641.0879410234027,-12.226775957952512,0.6356588474067716,2
1783.8107652735541,10.632567414482262,0.2605228142120577,1
1604.262360851205,-18.575330722329593,0.8600248531235496,0
1796.265226885172,-17.062437607672315,0.9575576559738066,2
2178.7027559345534,-17.488593556198367,0.06395177501630323,2
999.1542987001983,-22.268571363472816,0.9214606394984756,0
1645.5469543753338,-10.919245496765374,0.9176925329202005,2
1914.0996283769805,-13.023881091847151,0.5870222577733111,2
1294.9617506572042,-16.329349388754764,0.2574078769418724,0
1598.7981633133434,-9.8159834862173,0.3400211525067901,2
1470.9964512726315,10.333717175303631,0.7473613037640843,1
1172.7656168826857,-18.751659579298757,0.5147133805600302,0
1493.4493781044307,-13.531075985128979,0.24143557405546134,2
1702.2247044334488,-10.104908786522177,0.23858502774656465,2
1610.110194810547,-12.785017795463038,0.30953408246897873,2
1252.7234506296695,-17.332577984013604,0.3061560440453014,0
1193.4196871441502,9.002707908179755,0.5864606428075111,1
1481.9739856839117,-14.995030022172841,0.6785359333154602,2
1563.229462703146,-15.699575354526369,0.82035940048726,2
1973.1680567166159,-12.214320133681195,0.027811692318481684,2
1438.9573271104111,-13.28268288800694,0.4508283070182455,2
1710.3463440884905,-17.14770889332428,0.7955179938535383,2
1768.8117505963153,-16.19796582161233,0.8534472093748539,2
1292.3610679203052,-18.263076244329405,0.01537831661062683,0
1560.335698312068,-10.752959949443483,0.4997347189272886,2
1241.5046429759898,14.976930306955337,0.2958241819384808,1
1162.035571105456,-18.366257148039942,0.4224295822194424,0
1521.393154198808,9.987272892655975,0.8711579805606539,1
1633.2557867455969,-16.134631096339902,0.6792341417098241,2
1564.0191772340252,13.455708243612024,0.19132517837790886,1
1416.6779948588032,-18.1273604152497,0.5684708044436053,0
1630.9532242071082,-16.96916473548148,0.038740950509487226,2
1733.5900407972163,-10.676505563178598,0.3633026934102691,2
1491.4486016971769,9.238299144667117,0.512770117243778,1
1141.62822897351,-22.530777600099512,0.9885774765263267,0
1558.8999491311488,12.016426031624588,0.6559672898276311,1
1593.2880101736391,-13.310136343767564,0.6755527962569821,2
1164.0836292394256,10.40779388770535,0.8935633029251345,1
1531.7985083609835,8.452349431979211,0.24567819367258037,1
1222.3414386124045,-17.15828476098141,0.050016216060519425,0
1252.6437110554164,-19.989013616748636,0.9168218875109242,0
1191.0474593041704,-15.88866289336214,0.2901879686060703,0
1696.3201350227923,-17.87401379152395,0.6107713782427389,2
906.587626389498,-17.82312588393549,0.803045906294235,0
1747.1540456755613,11.19614822435032,0.8839202975488992,1
1614.2936163167853,8.096772332702233,0.7415729129328038,1
1451.791830972011,10.254576765532414,0.12329805830482021,1
1277.830182498184,-16.022797644221196,0.07518725827259043,0
1584.980652479524,-16.79461438344041,0.5186533520376899,2
1587.214996650521,13.029404888600718,0.6094075714119936,1
1691.9149032449975,-11.799701914513799,0.3162795592870228,2
