date,demand,temp
2015-01-01,1.736065,1.7
2015-01-02,1.831672,2.2
2015-01-03,1.714934,14.4
2015-01-04,1.628577,15.6
2015-01-05,2.045394,0.0
2015-01-06,2.122799,-6.7
2015-01-07,2.243265,-9.4
2015-01-08,2.2409749999999997,-8.9
2015-01-09,2.128072,-6.1
2015-01-10,1.9797339999999999,-8.9
2015-01-11,1.848006,2.8
2015-01-12,1.9547729999999999,2.2
2015-01-13,2.050525,-3.3
2015-01-14,2.053841,-4.4
2015-01-15,1.996889,-1.1
2015-01-16,1.938242,0.6
2015-01-17,1.688093,10.0
2015-01-18,1.6824590000000001,7.2
2015-01-19,1.846124,3.3
2015-01-20,1.940944,1.1
2015-01-21,1.958137,1.7
2015-01-22,1.9629,1.1
2015-01-23,1.89226,1.1
2015-01-24,1.7430530000000002,-0.6
2015-01-25,1.747487,1.7
2015-01-26,1.957972,-1.7
2015-01-27,2.104436,-5.6
2015-01-28,2.025296,-4.4
2015-01-29,2.040911,3.3
2015-01-30,2.0329,-0.6
2015-01-31,1.827758,-2.2
2015-02-01,1.7790599999999999,2.2
2015-02-02,2.0927379999999998,3.9
2015-02-03,2.046704,-3.3
2015-02-04,1.919818,5.6
2015-02-05,2.105683,-3.9
2015-02-06,2.060245,-2.2
2015-02-07,1.727011,7.8
2015-02-08,1.6181189999999999,11.7
2015-02-09,1.9443119999999998,6.7
2015-02-10,1.937798,-0.6
2015-02-11,1.934597,2.8
2015-02-12,2.11002,0.6
2015-02-13,2.105359,-7.2
2015-02-14,1.981781,-2.2
2015-02-15,2.061238,-15.0
2015-02-16,2.208835,-12.2
2015-02-17,2.094238,-6.7
2015-02-18,2.2203180000000002,-6.7
2015-02-19,2.314347,-14.4
2015-02-20,2.244704,-11.7
2015-02-21,1.924774,1.1
2015-02-22,1.805223,0.6
2015-02-23,2.1225970000000003,-5.6
2015-02-24,2.130849,-3.3
2015-02-25,1.998442,0.6
2015-02-26,2.086202,-6.1
2015-02-27,2.065648,-8.3
2015-02-28,1.839992,-3.9
2015-03-01,1.798751,1.1
2015-03-02,1.94199,0.6
2015-03-03,1.957423,9.4
2015-03-04,1.959039,6.7
2015-03-05,2.122452,-2.2
2015-03-06,2.071264,-5.0
2015-03-07,1.787719,4.4
2015-03-08,1.620028,7.2
2015-03-09,1.667914,11.1
2015-03-10,1.722883,7.2
2015-03-11,1.71556,6.1
2015-03-12,1.782731,10.0
2015-03-13,1.7180630000000001,14.4
2015-03-14,1.5465730000000002,12.8
2015-03-15,1.555215,7.8
2015-03-16,1.677762,18.9
2015-03-17,1.748387,14.4
2015-03-18,1.782923,6.7
2015-03-19,1.765704,7.8
2015-03-20,1.762908,5.6
2015-03-21,1.51523,12.8
2015-03-22,1.552229,4.4
2015-03-23,1.74847,3.3
2015-03-24,1.709835,8.3
2015-03-25,1.7320280000000001,20.6
2015-03-26,1.704423,9.4
2015-03-27,1.754021,2.8
2015-03-28,1.730319,-1.7
2015-03-29,1.52113,7.2
2015-03-30,1.603353,11.1
2015-03-31,1.644422,15.0
2015-04-01,1.635337,14.4
2015-04-02,1.562928,20.6
2015-04-03,1.433312,17.2
2015-04-04,1.3961130000000002,8.9
2015-04-05,1.3224939999999998,17.2
2015-04-06,1.537137,20.0
2015-04-07,1.547973,16.7
2015-04-08,1.635943,21.1
2015-04-09,1.661411,24.4
2015-04-10,1.646491,19.4
2015-04-11,1.3362100000000001,13.3
2015-04-12,1.374208,20.0
2015-04-13,1.626463,26.7
2015-04-14,1.575199,17.2
2015-04-15,1.583408,18.9
2015-04-16,1.593277,15.6
2015-04-17,1.6199059999999998,21.7
2015-04-18,1.428142,25.0
2015-04-19,1.33602,21.7
2015-04-20,1.5946150000000001,22.8
2015-04-21,1.566106,13.9
2015-04-22,1.641716,12.2
2015-04-23,1.660344,6.7
2015-04-24,1.624972,13.3
2015-04-25,1.417332,11.7
2015-04-26,1.3414949999999999,14.4
2015-04-27,1.5321690000000001,8.9
2015-04-28,1.558402,17.2
2015-04-29,1.602172,20.6
2015-04-30,1.566663,15.0
2015-05-01,1.5819239999999999,20.0
2015-05-02,1.4011010000000002,22.2
2015-05-03,1.4305350000000001,25.0
2015-05-04,1.7758530000000001,27.2
2015-05-05,1.7673510000000001,23.3
2015-05-06,1.982666,28.3
2015-05-07,2.0730560000000002,29.4
2015-05-08,2.217641,30.6
2015-05-09,2.162773,30.6
2015-05-10,2.1923209999999997,30.6
2015-05-11,2.5211439999999996,30.6
2015-05-12,1.906833,22.2
2015-05-13,1.562275,12.2
2015-05-14,1.6285889999999998,20.0
2015-05-15,1.759205,26.1
2015-05-16,1.7087970000000001,25.0
2015-05-17,1.90054,26.1
2015-05-18,2.330187,27.8
2015-05-19,2.105933,24.4
2015-05-20,1.643864,12.8
2015-05-21,1.6821700000000002,12.2
2015-05-22,1.6450879999999999,20.0
2015-05-23,1.435752,22.2
2015-05-24,1.544351,26.7
2015-05-25,1.954169,27.8
2015-05-26,2.2164360000000003,26.7
2015-05-27,2.227097,27.2
2015-05-28,2.2319009999999997,26.7
2015-05-29,2.3319029999999996,30.0
2015-05-30,2.100737,27.8
2015-05-31,2.059034,28.3
2015-06-01,1.640036,15.6
2015-06-02,1.663211,17.2
2015-06-03,1.7283810000000002,21.7
2015-06-04,1.921615,25.0
2015-06-05,2.153111,27.8
2015-06-06,1.717011,23.9
2015-06-07,1.936838,28.9
2015-06-08,2.202273,26.1
2015-06-09,1.967314,23.9
2015-06-10,2.381218,30.0
2015-06-11,2.6241790000000003,31.7
2015-06-12,2.628339,32.2
2015-06-13,2.271005,28.3
2015-06-14,2.272547,29.4
2015-06-15,2.523167,28.3
2015-06-16,2.379714,27.2
2015-06-17,1.9345830000000002,22.2
2015-06-18,2.391154,28.9
2015-06-19,2.160462,25.0
2015-06-20,1.88341,24.4
2015-06-21,2.1843000000000004,28.9
2015-06-22,2.478288,29.4
2015-06-23,2.491678,28.3
2015-06-24,2.191245,26.1
2015-06-25,1.98977,23.9
2015-06-26,2.150284,27.2
2015-06-27,1.732507,23.9
2015-06-28,1.496912,18.9
2015-06-29,1.8128499999999999,23.9
2015-06-30,1.976691,25.0
2015-07-01,1.931366,23.9
2015-07-02,1.952524,25.0
2015-07-03,2.079788,26.1
2015-07-04,1.87181,26.7
2015-07-05,1.940171,27.8
2015-07-06,2.268982,27.2
2015-07-07,2.525224,29.4
2015-07-08,1.998693,22.8
2015-07-09,2.2952890000000004,27.2
2015-07-10,1.9262439999999998,22.8
2015-07-11,2.017319,27.8
2015-07-12,1.862727,26.1
2015-07-13,2.335324,26.7
2015-07-14,2.352495,26.7
2015-07-15,2.1481689999999998,23.9
2015-07-16,2.0734679999999996,26.1
2015-07-17,2.2224340000000002,28.3
2015-07-18,2.469078,30.6
2015-07-19,2.513443,31.1
2015-07-20,2.584383,29.4
2015-07-21,2.520451,28.3
2015-07-22,2.096822,25.0
2015-07-23,2.246125,27.2
2015-07-24,2.332341,29.4
2015-07-25,2.300257,30.0
2015-07-26,2.328223,29.4
2015-07-27,2.645959,31.7
2015-07-28,2.7006219999999996,32.8
2015-07-29,2.804025,32.8
2015-07-30,2.690799,30.6
2015-07-31,2.4560410000000004,30.0
2015-08-01,2.147138,27.8
2015-08-02,2.273214,30.0
2015-08-03,2.3513249999999997,27.8
2015-08-04,2.3309119999999997,27.8
2015-08-05,2.24733,26.1
2015-08-06,1.841214,21.7
2015-08-07,1.954283,25.0
2015-08-08,2.0539989999999997,28.3
2015-08-09,2.243651,28.9
2015-08-10,2.399289,28.9
2015-08-11,2.350679,27.2
2015-08-12,2.093002,25.6
2015-08-13,2.0171669999999997,25.6
2015-08-14,2.308134,30.0
2015-08-15,2.327209,30.0
2015-08-16,2.460035,31.1
2015-08-17,2.684968,31.7
2015-08-18,2.272124,26.7
2015-08-19,2.682801,31.1
2015-08-20,2.405799,26.7
2015-08-21,2.130744,25.0
2015-08-22,1.90429,26.1
2015-08-23,2.075228,27.8
2015-08-24,2.184964,25.6
2015-08-25,1.79617,21.1
2015-08-26,1.68263,20.0
2015-08-27,1.7547080000000002,21.1
2015-08-28,1.969552,26.1
2015-08-29,2.018036,28.3
2015-08-30,2.2262370000000002,27.8
2015-08-31,2.593315,31.1
2015-09-01,2.651447,31.7
2015-09-02,2.6463850000000004,32.2
2015-09-03,2.58646,31.7
2015-09-04,2.629973,31.1
2015-09-05,2.392171,30.0
2015-09-06,2.293421,31.1
2015-09-07,2.4717779999999996,32.2
2015-09-08,2.735081,32.8
2015-09-09,2.646946,31.1
2015-09-10,1.9240760000000001,23.3
2015-09-11,2.06506,26.7
2015-09-12,1.550725,19.4
2015-09-13,1.425537,17.2
2015-09-14,1.67974,22.8
2015-09-15,1.850538,26.1
2015-09-16,2.04616,27.8
2015-09-17,2.1254470000000003,28.3
2015-09-18,2.146952,28.3
2015-09-19,1.997445,27.8
2015-09-20,1.586655,22.2
2015-09-21,1.7429700000000001,22.8
2015-09-22,1.844319,23.9
2015-09-23,1.9048040000000002,26.1
2015-09-24,1.943293,26.7
2015-09-25,1.85203,25.0
2015-09-26,1.592066,23.9
2015-09-27,1.6132360000000001,23.9
2015-09-28,1.8092190000000001,22.2
2015-09-29,1.814234,21.1
2015-09-30,1.6695470000000001,17.8
2015-10-01,1.596352,18.3
2015-10-02,1.548221,12.8
2015-10-03,1.427664,11.1
2015-10-04,1.4302000000000001,17.8
2015-10-05,1.568073,21.7
2015-10-06,1.65906,23.9
2015-10-07,1.638354,21.7
2015-10-08,1.689636,23.9
2015-10-09,1.6791179999999999,21.1
2015-10-10,1.427211,17.2
2015-10-11,1.418797,20.6
2015-10-12,1.6204649999999998,23.3
2015-10-13,1.655587,17.2
2015-10-14,1.600621,13.9
2015-10-15,1.592117,17.2
2015-10-16,1.5361310000000001,12.8
2015-10-17,1.468985,6.7
2015-10-18,1.4845519999999999,6.7
2015-10-19,1.589065,15.0
2015-10-20,1.575732,21.1
2015-10-21,1.5816890000000001,21.7
2015-10-22,1.627454,20.6
2015-10-23,1.5312329999999998,17.8
2015-10-24,1.417031,18.9
2015-10-25,1.4056110000000002,16.7
2015-10-26,1.575975,13.9
2015-10-27,1.5924909999999999,14.4
2015-10-28,1.636463,17.8
2015-10-29,1.533784,16.7
2015-10-30,1.573045,8.9
2015-10-31,1.4383979999999998,12.8
2015-11-01,1.47622,18.3
2015-11-02,1.593055,19.4
2015-11-03,1.612816,22.8
2015-11-04,1.676597,24.4
2015-11-05,1.693497,24.4
2015-11-06,1.697581,20.6
2015-11-07,1.437001,12.2
2015-11-08,1.469071,11.1
2015-11-09,1.6544729999999999,13.3
2015-11-10,1.655325,12.2
2015-11-11,1.6460299999999999,11.1
2015-11-12,1.674051,18.3
2015-11-13,1.6743789999999998,10.0
2015-11-14,1.520671,7.8
2015-11-15,1.490704,16.7
2015-11-16,1.61205,16.7
2015-11-17,1.6481400000000002,17.8
2015-11-18,1.6377460000000001,17.8
2015-11-19,1.637503,17.2
2015-11-20,1.636366,8.9
2015-11-21,1.531665,13.3
2015-11-22,1.651233,3.9
2015-11-23,1.783646,2.2
2015-11-24,1.7187629999999998,7.8
2015-11-25,1.6859570000000001,13.9
2015-11-26,1.386692,17.8
2015-11-27,1.48172,17.8
2015-11-28,1.524159,15.0
2015-11-29,1.614234,4.4
2015-11-30,1.748994,7.2
2015-12-01,1.71289,13.9
2015-12-02,1.68622,9.4
2015-12-03,1.803145,3.9
2015-12-04,1.685213,7.8
2015-12-05,1.634174,8.3
2015-12-06,1.664273,7.8
2015-12-07,1.800558,8.3
2015-12-08,1.783898,7.8
2015-12-09,1.731836,13.3
2015-12-10,1.725009,12.8
2015-12-11,1.689721,16.1
2015-12-12,1.551153,20.0
2015-12-13,1.568967,17.8
2015-12-14,1.740645,17.2
2015-12-15,1.744945,10.6
2015-12-16,1.702857,13.3
2015-12-17,1.739257,11.7
2015-12-18,1.840071,1.1
2015-12-19,1.771082,0.0
2015-12-20,1.731123,4.4
2015-12-21,1.7760440000000002,10.6
2015-12-22,1.7010139999999998,16.1
2015-12-23,1.672701,17.2
2015-12-24,1.454028,17.2
2015-12-25,1.374554,13.3
2015-12-26,1.494981,13.3
2015-12-27,1.566046,18.9
2015-12-28,1.8021340000000001,5.0
2015-12-29,1.713649,11.1
2015-12-30,1.69472,8.9
2015-12-31,1.707659,5.0
2016-01-01,1.623065,1.7
2016-01-02,1.684877,1.7
2016-01-03,1.7470219999999999,1.1
2016-01-04,1.95274,-2.2
2016-01-05,1.9703979999999999,-3.3
2016-01-06,1.914327,5.0
2016-01-07,1.812655,7.8
2016-01-08,1.797217,4.4
2016-01-09,1.600211,12.2
2016-01-10,1.753343,8.3
2016-01-11,1.9484659999999998,-6.1
2016-01-12,2.023173,-1.1
2016-01-13,2.037149,-8.3
2016-01-14,1.824143,5.6
2016-01-15,1.7145029999999999,9.4
2016-01-16,1.711125,5.0
2016-01-17,1.763632,-1.1
2016-01-18,2.072121,-11.1
2016-01-19,2.059627,-7.8
2016-01-20,2.021894,-7.2
2016-01-21,1.989194,-5.6
2016-01-22,1.981282,-5.6
2016-01-23,1.870358,-1.7
2016-01-24,1.820807,-2.2
2016-01-25,1.8329369999999998,6.7
2016-01-26,1.804615,10.0
2016-01-27,1.889165,0.0
2016-01-28,1.843939,5.6
2016-01-29,1.868032,2.2
2016-01-30,1.612318,12.8
2016-01-31,1.494435,16.1
2016-02-01,1.6593959999999999,15.6
2016-02-02,1.693904,10.0
2016-02-03,1.627823,16.7
2016-02-04,1.7463019999999998,5.0
2016-02-05,1.720633,2.2
2016-02-06,1.582338,5.6
2016-02-07,1.558794,10.0
2016-02-08,1.7149,6.1
2016-02-09,1.8420999999999998,0.0
2016-02-10,1.941436,-4.4
2016-02-11,1.983727,-8.3
2016-02-12,1.95265,-6.7
2016-02-13,1.94833,-8.9
2016-02-14,1.859796,-8.3
2016-02-15,1.8723830000000001,1.1
2016-02-16,1.861998,1.7
2016-02-17,1.864531,1.1
2016-02-18,1.840971,0.0
2016-02-19,1.7680740000000001,15.0
2016-02-20,1.452168,19.4
2016-02-21,1.53067,12.2
2016-02-22,1.6202539999999999,8.9
2016-02-23,1.622241,11.1
2016-02-24,1.631652,16.1
2016-02-25,1.792009,7.8
2016-02-26,1.772376,-0.6
2016-02-27,1.60625,5.0
2016-02-28,1.479991,17.2
2016-02-29,1.650905,15.0
2016-03-01,1.605127,18.3
2016-03-02,1.794716,4.4
2016-03-03,1.7606300000000001,1.1
2016-03-04,1.727117,0.6
2016-03-05,1.551044,5.0
2016-03-06,1.5808740000000001,4.4
2016-03-07,1.564201,18.9
2016-03-08,1.537569,21.7
2016-03-09,1.565254,23.3
2016-03-10,1.5729570000000002,17.2
2016-03-11,1.532799,12.8
2016-03-12,1.399834,20.0
2016-03-13,1.440869,14.4
2016-03-14,1.524009,21.7
2016-03-15,1.540835,15.0
2016-03-16,1.551248,20.0
2016-03-17,1.55123,15.0
2016-03-18,1.514274,15.0
2016-03-19,1.459182,4.4
2016-03-20,1.552223,2.8
2016-03-21,1.640263,6.1
2016-03-22,1.628528,15.6
2016-03-23,1.560028,19.4
2016-03-24,1.525161,23.3
2016-03-25,1.486442,15.0
2016-03-26,1.400634,14.4
2016-03-27,1.3245060000000002,24.4
2016-03-28,1.54318,16.1
2016-03-29,1.576953,11.1
2016-03-30,1.5581489999999998,20.6
2016-03-31,1.558739,22.2
2016-04-01,1.5216010000000002,20.0
2016-04-02,1.461349,10.0
2016-04-03,1.4501220000000001,9.4
2016-04-04,1.6225319999999999,12.8
2016-04-05,1.6533140000000002,5.6
2016-04-06,1.61619,19.4
2016-04-07,1.5494700000000001,12.8
2016-04-08,1.611022,7.8
2016-04-09,1.548151,1.7
2016-04-10,1.531952,8.9
2016-04-11,1.554576,17.8
2016-04-12,1.529907,10.0
2016-04-13,1.588642,13.3
2016-04-14,1.531558,18.9
2016-04-15,1.5189970000000002,21.1
2016-04-16,1.377519,23.3
2016-04-17,1.4663869999999999,27.2
2016-04-18,1.641429,26.7
2016-04-19,1.6072,22.2
2016-04-20,1.555698,22.8
2016-04-21,1.582433,23.9
2016-04-22,1.582347,20.0
2016-04-23,1.351717,15.6
2016-04-24,1.3533309999999998,21.1
2016-04-25,1.630263,26.1
2016-04-26,1.663913,23.9
2016-04-27,1.5048679999999999,19.4
2016-04-28,1.513445,13.3
2016-04-29,1.506543,13.9
2016-04-30,1.3755119999999998,18.9
2016-05-01,1.418096,22.8
2016-05-02,1.5485470000000001,19.4
2016-05-03,1.499719,16.7
2016-05-04,1.519607,16.7
2016-05-05,1.499491,17.2
2016-05-06,1.500544,20.6
2016-05-07,1.34792,22.2
2016-05-08,1.326036,18.3
2016-05-09,1.4810969999999999,13.3
2016-05-10,1.5283209999999998,20.0
2016-05-11,1.579374,22.2
2016-05-12,1.713333,25.6
2016-05-13,1.600432,21.1
2016-05-14,1.35429,13.9
2016-05-15,1.3684990000000001,9.4
2016-05-16,1.4953640000000001,17.2
2016-05-17,1.4790519999999998,16.1
2016-05-18,1.5054770000000002,15.0
2016-05-19,1.559066,20.6
2016-05-20,1.581344,22.8
2016-05-21,1.397495,17.8
2016-05-22,1.3650579999999999,18.9
2016-05-23,1.620454,26.1
2016-05-24,1.7229590000000001,26.7
2016-05-25,1.878204,27.8
2016-05-26,2.0774589999999997,26.7
2016-05-27,2.280701,30.6
2016-05-28,2.2660169999999997,31.1
2016-05-29,1.918,27.2
2016-05-30,2.014399,28.3
2016-05-31,2.2890520000000003,30.6
2016-06-01,2.4391950000000002,31.1
2016-06-02,2.271809,27.8
2016-06-03,2.272115,28.3
2016-06-04,1.909597,26.7
2016-06-05,1.764453,23.9
2016-06-06,2.018798,26.7
2016-06-07,1.786815,21.7
2016-06-08,1.543565,18.9
2016-06-09,1.648907,22.2
2016-06-10,1.907576,27.2
2016-06-11,2.317494,32.2
2016-06-12,1.829542,26.7
2016-06-13,1.836155,24.4
2016-06-14,1.93321,26.1
2016-06-15,2.273911,30.0
2016-06-16,2.022914,25.0
2016-06-17,2.1320419999999998,27.2
2016-06-18,2.09874,28.9
2016-06-19,2.133432,28.9
2016-06-20,2.50883,30.6
2016-06-21,2.404243,28.9
2016-06-22,2.12444,26.7
2016-06-23,1.879601,22.2
2016-06-24,2.2109929999999998,28.3
2016-06-25,2.253641,30.0
2016-06-26,2.4136770000000003,32.8
2016-06-27,2.610747,31.1
2016-06-28,2.369346,27.8
2016-06-29,1.82389,22.8
2016-06-30,1.986968,26.1
2016-07-01,2.0166500000000003,26.7
2016-07-02,1.554605,22.2
2016-07-03,1.516837,23.3
2016-07-04,1.648708,23.9
2016-07-05,2.327334,29.4
2016-07-06,2.478392,30.6
2016-07-07,2.443774,30.0
2016-07-08,2.430894,30.0
2016-07-09,2.129388,27.8
2016-07-10,2.048079,28.3
2016-07-11,2.355677,30.0
2016-07-12,2.632171,31.7
2016-07-13,2.6468760000000002,31.1
2016-07-14,2.5935590000000004,30.6
2016-07-15,2.415311,29.4
2016-07-16,2.1856269999999998,28.3
2016-07-17,2.281384,29.4
2016-07-18,2.529283,29.4
2016-07-19,2.451503,30.0
2016-07-20,2.3438470000000002,28.9
2016-07-21,2.5506390000000003,32.2
2016-07-22,2.526696,31.1
2016-07-23,2.495294,32.2
2016-07-24,2.526219,32.2
2016-07-25,2.766873,33.9
2016-07-26,2.6487109999999996,31.1
2016-07-27,2.662199,31.7
2016-07-28,2.12711,24.4
2016-07-29,2.429544,28.9
2016-07-30,1.9907650000000001,26.7
2016-07-31,2.320906,29.4
2016-08-01,2.572801,30.6
2016-08-02,2.526274,30.6
2016-08-03,2.586817,30.0
2016-08-04,2.41284,28.3
2016-08-05,2.59522,29.4
2016-08-06,2.244053,28.3
2016-08-07,2.1607570000000003,28.9
2016-08-08,2.384798,28.9
2016-08-09,2.567611,31.1
2016-08-10,2.7447719999999998,30.0
2016-08-11,2.796499,32.2
2016-08-12,2.683616,32.2
2016-08-13,2.530877,31.7
2016-08-14,2.129795,26.7
2016-08-15,2.2720279999999997,26.7
2016-08-16,2.648401,31.1
2016-08-17,2.1057449999999998,24.4
2016-08-18,2.4527579999999998,28.9
2016-08-19,2.4317420000000003,29.4
2016-08-20,2.394278,29.4
2016-08-21,1.944684,25.0
2016-08-22,1.9994880000000002,24.4
2016-08-23,2.1669169999999998,26.1
2016-08-24,2.382649,28.9
2016-08-25,2.678831,30.6
2016-08-26,2.6075169999999996,30.6
2016-08-27,2.485344,31.1
2016-08-28,2.616746,31.1
2016-08-29,2.5289479999999998,30.0
2016-08-30,2.430253,30.6
2016-08-31,2.1150900000000004,29.4
2016-09-01,2.017139,25.6
2016-09-02,1.869038,24.4
2016-09-03,1.738116,25.6
2016-09-04,1.849262,27.2
2016-09-05,2.078642,28.9
2016-09-06,2.463129,30.6
2016-09-07,2.637221,30.6
2016-09-08,2.6145859999999996,30.6
2016-09-09,2.2513110000000003,26.1
2016-09-10,2.430413,31.1
2016-09-11,1.808705,23.3
2016-09-12,2.024727,25.6
2016-09-13,2.216603,28.3
2016-09-14,2.1182489999999996,26.7
2016-09-15,1.841949,23.3
2016-09-16,2.049011,27.2
2016-09-17,1.8787429999999998,26.7
2016-09-18,1.781242,23.9
2016-09-19,2.147156,27.8
2016-09-20,2.2335760000000002,28.9
2016-09-21,2.268823,29.4
2016-09-22,2.32048,30.0
2016-09-23,2.380208,30.6
2016-09-24,1.6996120000000001,23.3
2016-09-25,1.594374,24.4
2016-09-26,1.805696,25.0
2016-09-27,1.6504400000000001,21.7
2016-09-28,1.674482,23.3
2016-09-29,1.653931,19.4
2016-09-30,1.598676,17.8
2016-10-01,1.4694770000000001,20.6
2016-10-02,1.458864,18.9
2016-10-03,1.624461,20.6
2016-10-04,1.6821780000000002,22.8
2016-10-05,1.652383,21.7
2016-10-06,1.6871489999999998,23.9
2016-10-07,1.6900719999999998,23.3
2016-10-08,1.4392660000000002,17.2
2016-10-09,1.393718,15.6
2016-10-10,1.505172,16.1
2016-10-11,1.5217960000000001,17.8
2016-10-12,1.575868,22.8
2016-10-13,1.538852,17.2
2016-10-14,1.515894,16.1
2016-10-15,1.446529,23.3
2016-10-16,1.511066,25.0
2016-10-17,1.753961,25.6
2016-10-18,1.81254,26.1
2016-10-19,1.850134,23.9
2016-10-20,1.86066,25.0
2016-10-21,1.599153,16.1
2016-10-22,1.4773859999999999,8.3
2016-10-23,1.476876,17.8
2016-10-24,1.573445,16.1
2016-10-25,1.566951,11.7
2016-10-26,1.598466,8.3
2016-10-27,1.585397,15.6
2016-10-28,1.533077,11.7
2016-10-29,1.449461,23.9
2016-10-30,1.451466,21.7
2016-10-31,1.519971,11.1
2016-11-01,1.604191,24.4
2016-11-02,1.627872,25.6
2016-11-03,1.592884,20.0
2016-11-04,1.483632,13.9
2016-11-05,1.376423,16.7
2016-11-06,1.412795,17.8
2016-11-07,1.5595029999999999,20.0
2016-11-08,1.577453,18.9
2016-11-09,1.60333,11.7
2016-11-10,1.560832,14.4
2016-11-11,1.5305360000000001,13.3
2016-11-12,1.481624,8.9
2016-11-13,1.50148,12.8
2016-11-14,1.622308,13.9
2016-11-15,1.601108,15.0
2016-11-16,1.574712,13.3
2016-11-17,1.596673,16.1
2016-11-18,1.56206,23.3
2016-11-19,1.5547,15.6
2016-11-20,1.670966,0.6
2016-11-21,1.777129,1.7
2016-11-22,1.751708,3.3
2016-11-23,1.6851530000000001,7.2
2016-11-24,1.472551,10.6
2016-11-25,1.530537,7.8
2016-11-26,1.555431,6.7
2016-11-27,1.587975,7.2
2016-11-28,1.705922,11.1
2016-11-29,1.6351600000000002,17.2
2016-11-30,1.6823219999999999,15.6
2016-12-01,1.756972,8.9
2016-12-02,1.744612,5.0
2016-12-03,1.654775,3.9
2016-12-04,1.6538,5.6
2016-12-05,1.747031,6.1
2016-12-06,1.791722,6.1
2016-12-07,1.758635,6.7
2016-12-08,1.890758,1.7
2016-12-09,1.8940730000000001,-2.8
2016-12-10,1.806338,-2.2
2016-12-11,1.815386,1.7
2016-12-12,1.852884,6.1
2016-12-13,1.903979,0.6
2016-12-14,1.94868,-0.6
2016-12-15,2.118878,-7.2
2016-12-16,2.049672,-6.1
2016-12-17,1.7510709999999998,15.6
2016-12-18,1.83474,16.7
2016-12-19,1.974482,-3.3
2016-12-20,1.914138,2.2
2016-12-21,1.858997,2.2
2016-12-22,1.8263699999999998,5.0
2016-12-23,1.745733,3.3
2016-12-24,1.589845,8.3
2016-12-25,1.49711,3.9
2016-12-26,1.602215,18.3
2016-12-27,1.696877,18.3
2016-12-28,1.7405350000000002,5.0
2016-12-29,1.7678209999999999,3.9
2016-12-30,1.8057070000000002,-0.6
2016-12-31,1.713774,6.1
2017-01-01,1.5722049999999999,6.7
2017-01-02,1.6375920000000002,8.3
2017-01-03,1.703666,9.4
2017-01-04,1.884594,6.1
2017-01-05,1.965204,-5.6
2017-01-06,1.959841,-8.3
2017-01-07,1.937797,-8.9
2017-01-08,1.967069,-9.4
2017-01-09,2.01192,-2.2
2017-01-10,1.8515679999999999,10.0
2017-01-11,1.689665,13.9
2017-01-12,1.6478679999999999,18.3
2017-01-13,1.726753,2.2
2017-01-14,1.687905,1.7
2017-01-15,1.687581,1.1
2017-01-16,1.7932629999999998,3.3
2017-01-17,1.6439590000000002,16.7
2017-01-18,1.713967,10.0
2017-01-19,1.715628,5.0
2017-01-20,1.686896,13.3
2017-01-21,1.49834,17.8
2017-01-22,1.480086,16.1
2017-01-23,1.737277,10.0
2017-01-24,1.748056,4.4
2017-01-25,1.682048,10.0
2017-01-26,1.7755329999999998,11.1
2017-01-27,1.784604,0.0
2017-01-28,1.680279,0.6
2017-01-29,1.703837,-0.6
2017-01-30,1.8324259999999999,-2.2
2017-01-31,1.77794,3.9
2017-02-01,1.773542,3.3
2017-02-02,1.797257,1.1
2017-02-03,1.8448309999999999,-3.9
2017-02-04,1.731072,-1.1
2017-02-05,1.626336,7.2
2017-02-06,1.666987,12.2
2017-02-07,1.64326,17.2
2017-02-08,1.704123,13.3
2017-02-09,1.894777,-1.7
2017-02-10,1.835283,-1.1
2017-02-11,1.533167,13.3
2017-02-12,1.581548,13.9
2017-02-13,1.7707460000000002,3.9
2017-02-14,1.704167,9.4
2017-02-15,1.7717159999999998,6.1
2017-02-16,1.822071,-2.2
2017-02-17,1.724342,11.7
2017-02-18,1.447807,18.9
2017-02-19,1.439331,17.8
2017-02-20,1.572958,16.1
2017-02-21,1.5961210000000001,18.3
2017-02-22,1.569985,18.9
2017-02-23,1.577845,20.0
2017-02-24,1.57131,24.4
2017-02-25,1.530028,18.3
2017-02-26,1.579663,3.9
2017-02-27,1.688338,7.8
2017-02-28,1.571496,13.3
2017-03-01,1.556454,16.1
2017-03-02,1.7299559999999998,4.4
2017-03-03,1.7572260000000002,-2.2
2017-03-04,1.642371,0.6
2017-03-05,1.560351,8.3
2017-03-06,1.602973,13.3
2017-03-07,1.6034000000000002,15.0
2017-03-08,1.5716459999999999,13.3
2017-03-09,1.5668250000000001,13.9
2017-03-10,1.719088,0.6
2017-03-11,1.692044,-3.3
2017-03-12,1.70527,-2.8
2017-03-13,1.803797,4.4
2017-03-14,1.880463,1.1
2017-03-15,1.917661,-3.3
2017-03-16,1.826804,2.2
2017-03-17,1.781642,5.0
2017-03-18,1.5804500000000001,7.2
2017-03-19,1.535903,3.9
2017-03-20,1.613723,10.6
2017-03-21,1.548086,14.4
2017-03-22,1.667886,4.4
2017-03-23,1.733943,9.4
2017-03-24,1.599972,23.3
2017-03-25,1.4161030000000001,22.2
2017-03-26,1.3829310000000001,19.4
2017-03-27,1.514844,19.4
2017-03-28,1.532557,14.4
2017-03-29,1.5045050000000002,15.6
2017-03-30,1.535598,12.8
2017-03-31,1.566297,12.2
2017-04-01,1.4568050000000001,7.8
2017-04-02,1.3837059999999999,14.4
2017-04-03,1.485824,20.6
2017-04-04,1.52108,16.7
2017-04-05,1.508921,21.1
2017-04-06,1.539072,18.3
2017-04-07,1.680532,3.9
2017-04-08,1.44437,14.4
2017-04-09,1.366101,22.2
2017-04-10,1.5681829999999999,26.1
2017-04-11,1.5390160000000002,20.6
2017-04-12,1.511605,18.3
2017-04-13,1.505948,15.0
2017-04-14,1.449446,22.8
2017-04-15,1.433432,27.2
2017-04-16,1.379225,23.9
2017-04-17,1.5345,19.4
2017-04-18,1.5480630000000002,21.7
2017-04-19,1.584076,22.8
2017-04-20,1.742996,25.0
2017-04-21,1.582446,20.6
2017-04-22,1.3448209999999998,12.2
2017-04-23,1.378433,20.0
2017-04-24,1.4745039999999998,17.2
2017-04-25,1.5107760000000001,18.3
2017-04-26,1.656488,25.6
2017-04-27,1.7360920000000002,27.2
2017-04-28,1.589269,22.2
2017-04-29,1.5062840000000002,22.8
2017-04-30,1.733264,30.6
2017-05-01,1.799831,26.7
2017-05-02,1.466781,16.1
2017-05-03,1.4542650000000001,15.0
2017-05-04,1.485579,18.9
2017-05-05,1.553201,21.7
2017-05-06,1.354418,8.9
2017-05-07,1.316033,13.3
2017-05-08,1.467857,13.9
2017-05-09,1.517788,18.3
2017-05-10,1.5527929999999999,21.7
2017-05-11,1.507368,15.0
2017-05-12,1.491913,13.9
2017-05-13,1.3431469999999999,18.9
2017-05-14,1.326129,21.1
2017-05-15,1.557856,21.1
2017-05-16,1.763827,28.3
2017-05-17,2.1357269999999997,30.6
2017-05-18,2.203919,28.9
2017-05-19,2.19619,26.7
2017-05-20,1.628122,21.7
2017-05-21,1.583361,23.9
2017-05-22,1.652955,18.9
2017-05-23,1.626793,22.2
2017-05-24,1.606721,19.4
2017-05-25,1.5875380000000001,18.3
2017-05-26,1.548065,19.4
2017-05-27,1.426433,21.7
2017-05-28,1.592935,25.6
2017-05-29,1.673584,25.6
2017-05-30,1.89283,25.6
2017-05-31,1.813476,23.9
2017-06-01,1.716853,22.8
2017-06-02,1.701065,25.0
2017-06-03,1.718168,26.7
2017-06-04,1.587261,27.2
2017-06-05,1.828748,23.9
2017-06-06,1.5616510000000001,17.8
2017-06-07,1.534492,18.9
2017-06-08,1.584768,21.1
2017-06-09,1.72885,25.0
2017-06-10,1.888616,28.3
2017-06-11,2.122358,29.4
2017-06-12,2.445506,30.6
2017-06-13,2.5621959999999997,32.8
2017-06-14,2.439972,30.0
2017-06-15,2.469179,28.3
2017-06-16,2.290928,27.8
2017-06-17,2.295928,30.6
2017-06-18,2.32091,30.6
2017-06-19,2.100051,26.1
2017-06-20,1.93794,24.4
2017-06-21,2.0875079999999997,26.1
2017-06-22,2.4265630000000002,29.4
2017-06-23,2.054192,24.4
2017-06-24,1.912185,26.1
2017-06-25,1.670592,23.9
2017-06-26,1.734501,22.8
2017-06-27,1.6279590000000002,20.0
2017-06-28,1.755394,23.3
2017-06-29,2.237992,29.4
2017-06-30,2.348161,28.3
2017-07-01,2.1140790000000003,27.2
2017-07-02,2.143357,28.3
2017-07-03,2.269656,28.9
2017-07-04,2.186435,28.3
2017-07-05,2.488531,31.1
2017-07-06,2.3340639999999997,26.7
2017-07-07,2.2422150000000003,26.7
2017-07-08,1.809057,25.6
2017-07-09,1.831357,25.6
2017-07-10,1.973757,26.1
2017-07-11,2.274955,27.2
2017-07-12,2.40964,30.6
2017-07-13,2.145588,25.0
2017-07-14,2.374282,28.9
2017-07-15,2.0043830000000002,25.6
2017-07-16,2.133632,27.2
2017-07-17,2.480444,28.9
2017-07-18,2.555597,30.6
2017-07-19,2.6820619999999997,31.7
2017-07-20,2.6290109999999998,30.6
2017-07-21,2.5627649999999997,30.6
2017-07-22,1.998064,25.6
2017-07-23,2.0840929999999998,26.7
2017-07-24,2.180855,26.1
2017-07-25,1.907687,23.9
2017-07-26,2.191017,26.7
2017-07-27,2.3373850000000003,27.8
2017-07-28,2.17989,26.7
2017-07-29,1.703824,25.0
2017-07-30,2.012543,28.9
2017-07-31,2.283914,28.3
2017-08-01,2.348052,28.9
2017-08-02,2.430144,28.3
2017-08-03,2.46141,28.9
2017-08-04,2.389462,28.3
2017-08-05,1.632335,23.3
2017-08-06,1.588527,23.9
2017-08-07,1.711005,21.7
2017-08-08,1.8707770000000001,24.4
2017-08-09,2.019709,27.2
2017-08-10,1.960458,25.0
2017-08-11,2.149789,26.7
2017-08-12,1.915199,25.0
2017-08-13,1.853773,25.0
2017-08-14,2.070468,26.1
2017-08-15,2.394234,28.9
2017-08-16,2.408242,28.9
2017-08-17,2.5343139999999997,30.6
2017-08-18,2.420764,28.9
2017-08-19,2.12038,27.8
2017-08-20,2.0944209999999996,27.8
2017-08-21,2.4328440000000002,29.4
2017-08-22,2.441769,28.9
2017-08-23,1.9091369999999999,24.4
2017-08-24,1.80843,23.3
2017-08-25,1.692776,22.2
2017-08-26,1.59521,23.3
2017-08-27,1.714869,25.6
2017-08-28,1.8336810000000001,23.9
2017-08-29,1.845325,23.9
2017-08-30,1.9113019999999998,25.0
2017-08-31,1.913172,24.4
2017-09-01,1.530577,16.7
2017-09-02,1.378222,18.9
2017-09-03,1.411513,22.2
2017-09-04,1.751147,26.7
2017-09-05,1.78551,23.9
2017-09-06,1.62996,20.6
2017-09-07,1.558548,17.8
2017-09-08,1.69206,20.0
2017-09-09,1.380219,20.0
2017-09-10,1.406048,20.6
2017-09-11,1.5535809999999999,22.2
2017-09-12,1.5895519999999999,21.7
2017-09-13,1.883444,25.6
2017-09-14,1.705042,21.1
2017-09-15,1.715492,22.8
2017-09-16,1.726342,26.1
2017-09-17,1.844633,26.7
2017-09-18,2.105203,27.8
2017-09-19,2.170859,28.9
2017-09-20,2.118439,27.2
2017-09-21,2.2473319999999997,30.0
2017-09-22,2.188834,30.0
2017-09-23,2.05146,31.7
2017-09-24,2.225815,31.7
2017-09-25,2.415893,30.6
2017-09-26,2.462332,31.1
2017-09-27,2.450752,32.2
2017-09-28,1.766319,22.2
2017-09-29,1.564349,21.7
2017-09-30,1.348666,16.7
2017-10-01,1.400632,20.0
2017-10-02,1.572281,23.9
2017-10-03,1.68069,25.6
2017-10-04,1.7934169999999998,26.7
2017-10-05,1.682383,22.2
2017-10-06,1.6691479999999999,21.7
2017-10-07,1.730145,27.8
2017-10-08,1.631389,23.9
2017-10-09,1.8573579999999998,24.4
2017-10-10,1.9680799999999998,26.1
2017-10-11,1.8436700000000001,24.4
2017-10-12,1.672455,20.0
2017-10-13,1.6502059999999998,23.3
2017-10-14,1.593536,25.6
2017-10-15,1.613608,23.9
2017-10-16,1.482566,14.4
2017-10-17,1.509952,16.7
2017-10-18,1.5576759999999998,21.1
2017-10-19,1.567796,21.1
2017-10-20,1.559137,22.2
2017-10-21,1.424744,23.9
2017-10-22,1.470913,24.4
2017-10-23,1.5572570000000001,18.9
2017-10-24,1.476599,15.0
2017-10-25,1.562279,7.2
2017-10-26,1.55979,11.7
2017-10-27,1.5418900000000002,21.7
2017-10-28,1.44788,13.3
2017-10-29,1.5224849999999999,6.1
2017-10-30,1.606327,7.8
2017-10-31,1.6050689999999999,6.7
2017-11-01,1.605096,7.8
2017-11-02,1.548613,20.0
2017-11-03,1.555941,17.8
2017-11-04,1.4153019999999998,15.6
2017-11-05,1.45588,20.6
2017-11-06,1.558967,15.0
2017-11-07,1.675368,3.9
2017-11-08,1.624239,9.4
2017-11-09,1.61755,11.1
2017-11-10,1.729702,5.0
2017-11-11,1.60769,2.2
2017-11-12,1.5752840000000001,7.8
2017-11-13,1.670913,7.2
2017-11-14,1.679623,6.7
2017-11-15,1.6818140000000001,8.3
2017-11-16,1.703804,8.3
2017-11-17,1.644615,6.1
2017-11-18,1.558203,15.0
2017-11-19,1.633644,8.9
2017-11-20,1.68002,5.6
2017-11-21,1.5998620000000001,13.3
2017-11-22,1.688845,8.9
2017-11-23,1.518615,3.9
2017-11-24,1.5272919999999999,11.7
2017-11-25,1.485638,12.2
2017-11-26,1.570335,6.7
2017-11-27,1.626236,11.1
2017-11-28,1.614354,17.8
2017-11-29,1.6498499999999998,12.8
2017-11-30,1.639387,16.7
2017-12-01,1.613942,8.9
2017-12-02,1.59051,7.8
2017-12-03,1.583296,12.8
2017-12-04,1.6628219999999998,15.0
2017-12-05,1.7003949999999999,13.3
2017-12-06,1.726909,6.7
2017-12-07,1.801228,2.8
2017-12-08,1.814725,-1.7
2017-12-09,1.683743,2.2
2017-12-10,1.750998,0.6
2017-12-11,1.795753,3.9
2017-12-12,1.943157,6.1
2017-12-13,1.949377,-3.9
2017-12-14,1.9048040000000002,0.6
2017-12-15,1.899583,-1.7
2017-12-16,1.681136,6.7
2017-12-17,1.7074559999999999,5.6
2017-12-18,1.777204,7.2
2017-12-19,1.691552,12.2
2017-12-20,1.760251,7.2
2017-12-21,1.754056,5.0
2017-12-22,1.625131,13.3
2017-12-23,1.624756,12.8
2017-12-24,1.542214,2.8
2017-12-25,1.617655,0.0
2017-12-26,1.8869,-7.8
2017-12-27,1.983683,-9.4
2017-12-28,2.001531,-10.0
2017-12-29,1.9405139999999999,-7.8
2017-12-30,1.909027,-7.8
2017-12-31,1.937984,-10.6
